serie_folder	set_folder	branch_name	card_count	path_count	paths_json	serie_id	set_id	pr_status	pr_url
Base	Base Set	pr/Base-Base-Set	4	4	["data/Base/Base Set/40.ts", "data/Base/Base Set/8.ts", "data/Base/Base Set/81.ts", "data/Base/Base Set/96.ts"]	base	base1	pending	
Base	Team Rocket	pr/Base-Team-Rocket	4	4	["data/Base/Team Rocket/17.ts", "data/Base/Team Rocket/80.ts", "data/Base/Team Rocket/81.ts", "data/Base/Team Rocket/82.ts"]	base	base5	pending	
Base	Wizards Black Star Promos	pr/Base-Wizards-Black-Star-Promos	53	53	["data/Base/Wizards Black Star Promos/1.ts", "data/Base/Wizards Black Star Promos/10.ts", "data/Base/Wizards Black Star Promos/11.ts", "data/Base/Wizards Black Star Promos/12.ts", "data/Base/Wizards Black Star Promos/13.ts", "data/Base/Wizards Black Star Promos/14.ts", "data/Base/Wizards Black Star Promos/15.ts", "data/Base/Wizards Black Star Promos/16.ts", "data/Base/Wizards Black Star Promos/17.ts", "data/Base/Wizards Black Star Promos/18.ts", "data/Base/Wizards Black Star Promos/19.ts", "data/Base/Wizards Black Star Promos/2.ts", "data/Base/Wizards Black Star Promos/20.ts", "data/Base/Wizards Black Star Promos/21.ts", "data/Base/Wizards Black Star Promos/22.ts", "data/Base/Wizards Black Star Promos/23.ts", "data/Base/Wizards Black Star Promos/24.ts", "data/Base/Wizards Black Star Promos/25.ts", "data/Base/Wizards Black Star Promos/26.ts", "data/Base/Wizards Black Star Promos/27.ts", "data/Base/Wizards Black Star Promos/28.ts", "data/Base/Wizards Black Star Promos/29.ts", "data/Base/Wizards Black Star Promos/3.ts", "data/Base/Wizards Black Star Promos/30.ts", "data/Base/Wizards Black Star Promos/31.ts", "data/Base/Wizards Black Star Promos/32.ts", "data/Base/Wizards Black Star Promos/33.ts", "data/Base/Wizards Black Star Promos/34.ts", "data/Base/Wizards Black Star Promos/35.ts", "data/Base/Wizards Black Star Promos/36.ts", "data/Base/Wizards Black Star Promos/37.ts", "data/Base/Wizards Black Star Promos/38.ts", "data/Base/Wizards Black Star Promos/39.ts", "data/Base/Wizards Black Star Promos/4.ts", "data/Base/Wizards Black Star Promos/40.ts", "data/Base/Wizards Black Star Promos/41.ts", "data/Base/Wizards Black Star Promos/42.ts", "data/Base/Wizards Black Star Promos/43.ts", "data/Base/Wizards Black Star Promos/44.ts", "data/Base/Wizards Black Star Promos/45.ts", "data/Base/Wizards Black Star Promos/46.ts", "data/Base/Wizards Black Star Promos/47.ts", "data/Base/Wizards Black Star Promos/48.ts", "data/Base/Wizards Black Star Promos/49.ts", "data/Base/Wizards Black Star Promos/5.ts", "data/Base/Wizards Black Star Promos/50.ts", "data/Base/Wizards Black Star Promos/51.ts", "data/Base/Wizards Black Star Promos/52.ts", "data/Base/Wizards Black Star Promos/53.ts", "data/Base/Wizards Black Star Promos/6.ts", "data/Base/Wizards Black Star Promos/7.ts", "data/Base/Wizards Black Star Promos/8.ts", "data/Base/Wizards Black Star Promos/9.ts"]	base	basep	pending	
Black & White	BW Black Star Promos	pr/Black-White-BW-Black-Star-Promos	101	101	["data/Black & White/BW Black Star Promos/BW01.ts", "data/Black & White/BW Black Star Promos/BW02.ts", "data/Black & White/BW Black Star Promos/BW03.ts", "data/Black & White/BW Black Star Promos/BW04.ts", "data/Black & White/BW Black Star Promos/BW05.ts", "data/Black & White/BW Black Star Promos/BW06.ts", "data/Black & White/BW Black Star Promos/BW07.ts", "data/Black & White/BW Black Star Promos/BW08.ts", "data/Black & White/BW Black Star Promos/BW09.ts", "data/Black & White/BW Black Star Promos/BW10.ts", "data/Black & White/BW Black Star Promos/BW100.ts", "data/Black & White/BW Black Star Promos/BW101.ts", "data/Black & White/BW Black Star Promos/BW11.ts", "data/Black & White/BW Black Star Promos/BW12.ts", "data/Black & White/BW Black Star Promos/BW13.ts", "data/Black & White/BW Black Star Promos/BW14.ts", "data/Black & White/BW Black Star Promos/BW15.ts", "data/Black & White/BW Black Star Promos/BW16.ts", "data/Black & White/BW Black Star Promos/BW17.ts", "data/Black & White/BW Black Star Promos/BW18.ts", "data/Black & White/BW Black Star Promos/BW19.ts", "data/Black & White/BW Black Star Promos/BW20.ts", "data/Black & White/BW Black Star Promos/BW21.ts", "data/Black & White/BW Black Star Promos/BW22.ts", "data/Black & White/BW Black Star Promos/BW23.ts", "data/Black & White/BW Black Star Promos/BW24.ts", "data/Black & White/BW Black Star Promos/BW25.ts", "data/Black & White/BW Black Star Promos/BW26.ts", "data/Black & White/BW Black Star Promos/BW27.ts", "data/Black & White/BW Black Star Promos/BW28.ts", "data/Black & White/BW Black Star Promos/BW29.ts", "data/Black & White/BW Black Star Promos/BW30.ts", "data/Black & White/BW Black Star Promos/BW31.ts", "data/Black & White/BW Black Star Promos/BW32.ts", "data/Black & White/BW Black Star Promos/BW33.ts", "data/Black & White/BW Black Star Promos/BW34.ts", "data/Black & White/BW Black Star Promos/BW35.ts", "data/Black & White/BW Black Star Promos/BW36.ts", "data/Black & White/BW Black Star Promos/BW37.ts", "data/Black & White/BW Black Star Promos/BW38.ts", "data/Black & White/BW Black Star Promos/BW39.ts", "data/Black & White/BW Black Star Promos/BW40.ts", "data/Black & White/BW Black Star Promos/BW41.ts", "data/Black & White/BW Black Star Promos/BW42.ts", "data/Black & White/BW Black Star Promos/BW43.ts", "data/Black & White/BW Black Star Promos/BW44.ts", "data/Black & White/BW Black Star Promos/BW45.ts", "data/Black & White/BW Black Star Promos/BW46.ts", "data/Black & White/BW Black Star Promos/BW47.ts", "data/Black & White/BW Black Star Promos/BW48.ts", "data/Black & White/BW Black Star Promos/BW49.ts", "data/Black & White/BW Black Star Promos/BW50.ts", "data/Black & White/BW Black Star Promos/BW51.ts", "data/Black & White/BW Black Star Promos/BW52.ts", "data/Black & White/BW Black Star Promos/BW53.ts", "data/Black & White/BW Black Star Promos/BW54.ts", "data/Black & White/BW Black Star Promos/BW55.ts", "data/Black & White/BW Black Star Promos/BW56.ts", "data/Black & White/BW Black Star Promos/BW57.ts", "data/Black & White/BW Black Star Promos/BW58.ts", "data/Black & White/BW Black Star Promos/BW59.ts", "data/Black & White/BW Black Star Promos/BW60.ts", "data/Black & White/BW Black Star Promos/BW61.ts", "data/Black & White/BW Black Star Promos/BW62.ts", "data/Black & White/BW Black Star Promos/BW63.ts", "data/Black & White/BW Black Star Promos/BW64.ts", "data/Black & White/BW Black Star Promos/BW65.ts", "data/Black & White/BW Black Star Promos/BW66.ts", "data/Black & White/BW Black Star Promos/BW67.ts", "data/Black & White/BW Black Star Promos/BW68.ts", "data/Black & White/BW Black Star Promos/BW69.ts", "data/Black & White/BW Black Star Promos/BW70.ts", "data/Black & White/BW Black Star Promos/BW71.ts", "data/Black & White/BW Black Star Promos/BW72.ts", "data/Black & White/BW Black Star Promos/BW73.ts", "data/Black & White/BW Black Star Promos/BW74.ts", "data/Black & White/BW Black Star Promos/BW75.ts", "data/Black & White/BW Black Star Promos/BW76.ts", "data/Black & White/BW Black Star Promos/BW77.ts", "data/Black & White/BW Black Star Promos/BW78.ts", "data/Black & White/BW Black Star Promos/BW79.ts", "data/Black & White/BW Black Star Promos/BW80.ts", "data/Black & White/BW Black Star Promos/BW81.ts", "data/Black & White/BW Black Star Promos/BW82.ts", "data/Black & White/BW Black Star Promos/BW83.ts", "data/Black & White/BW Black Star Promos/BW84.ts", "data/Black & White/BW Black Star Promos/BW85.ts", "data/Black & White/BW Black Star Promos/BW86.ts", "data/Black & White/BW Black Star Promos/BW87.ts", "data/Black & White/BW Black Star Promos/BW88.ts", "data/Black & White/BW Black Star Promos/BW89.ts", "data/Black & White/BW Black Star Promos/BW90.ts", "data/Black & White/BW Black Star Promos/BW91.ts", "data/Black & White/BW Black Star Promos/BW92.ts", "data/Black & White/BW Black Star Promos/BW93.ts", "data/Black & White/BW Black Star Promos/BW94.ts", "data/Black & White/BW Black Star Promos/BW95.ts", "data/Black & White/BW Black Star Promos/BW96.ts", "data/Black & White/BW Black Star Promos/BW97.ts", "data/Black & White/BW Black Star Promos/BW98.ts", "data/Black & White/BW Black Star Promos/BW99.ts"]	bw	bwp	pending	
Black & White	Legendary Treasures	pr/Black-White-Legendary-Treasures	0	1	["data/Black & White/Legendary Treasures.ts"]	bw	bw11	pending	
Black & White	Radiant Collection	pr/Black-White-Radiant-Collection	0	1	["data/Black & White/Radiant Collection.ts"]	bw		pending	
Call of Legends	Call of Legends	pr/Call-of-Legends-Call-of-Legends	9	9	["data/Call of Legends/Call of Legends/76.ts", "data/Call of Legends/Call of Legends/77.ts", "data/Call of Legends/Call of Legends/78.ts", "data/Call of Legends/Call of Legends/79.ts", "data/Call of Legends/Call of Legends/82.ts", "data/Call of Legends/Call of Legends/83.ts", "data/Call of Legends/Call of Legends/85.ts", "data/Call of Legends/Call of Legends/86.ts", "data/Call of Legends/Call of Legends/87.ts"]	col	col1	pending	
Diamond & Pearl	DP Black Star Promos	pr/Diamond-Pearl-DP-Black-Star-Promos	56	56	["data/Diamond & Pearl/DP Black Star Promos/DP01.ts", "data/Diamond & Pearl/DP Black Star Promos/DP02.ts", "data/Diamond & Pearl/DP Black Star Promos/DP03.ts", "data/Diamond & Pearl/DP Black Star Promos/DP04.ts", "data/Diamond & Pearl/DP Black Star Promos/DP05.ts", "data/Diamond & Pearl/DP Black Star Promos/DP06.ts", "data/Diamond & Pearl/DP Black Star Promos/DP07.ts", "data/Diamond & Pearl/DP Black Star Promos/DP08.ts", "data/Diamond & Pearl/DP Black Star Promos/DP09.ts", "data/Diamond & Pearl/DP Black Star Promos/DP10.ts", "data/Diamond & Pearl/DP Black Star Promos/DP11.ts", "data/Diamond & Pearl/DP Black Star Promos/DP12.ts", "data/Diamond & Pearl/DP Black Star Promos/DP13.ts", "data/Diamond & Pearl/DP Black Star Promos/DP14.ts", "data/Diamond & Pearl/DP Black Star Promos/DP15.ts", "data/Diamond & Pearl/DP Black Star Promos/DP16.ts", "data/Diamond & Pearl/DP Black Star Promos/DP17.ts", "data/Diamond & Pearl/DP Black Star Promos/DP18.ts", "data/Diamond & Pearl/DP Black Star Promos/DP19.ts", "data/Diamond & Pearl/DP Black Star Promos/DP20.ts", "data/Diamond & Pearl/DP Black Star Promos/DP21.ts", "data/Diamond & Pearl/DP Black Star Promos/DP22.ts", "data/Diamond & Pearl/DP Black Star Promos/DP23.ts", "data/Diamond & Pearl/DP Black Star Promos/DP24.ts", "data/Diamond & Pearl/DP Black Star Promos/DP25.ts", "data/Diamond & Pearl/DP Black Star Promos/DP26.ts", "data/Diamond & Pearl/DP Black Star Promos/DP27.ts", "data/Diamond & Pearl/DP Black Star Promos/DP28.ts", "data/Diamond & Pearl/DP Black Star Promos/DP29.ts", "data/Diamond & Pearl/DP Black Star Promos/DP30.ts", "data/Diamond & Pearl/DP Black Star Promos/DP31.ts", "data/Diamond & Pearl/DP Black Star Promos/DP32.ts", "data/Diamond & Pearl/DP Black Star Promos/DP33.ts", "data/Diamond & Pearl/DP Black Star Promos/DP34.ts", "data/Diamond & Pearl/DP Black Star Promos/DP35.ts", "data/Diamond & Pearl/DP Black Star Promos/DP36.ts", "data/Diamond & Pearl/DP Black Star Promos/DP37.ts", "data/Diamond & Pearl/DP Black Star Promos/DP38.ts", "data/Diamond & Pearl/DP Black Star Promos/DP39.ts", "data/Diamond & Pearl/DP Black Star Promos/DP40.ts", "data/Diamond & Pearl/DP Black Star Promos/DP41.ts", "data/Diamond & Pearl/DP Black Star Promos/DP42.ts", "data/Diamond & Pearl/DP Black Star Promos/DP43.ts", "data/Diamond & Pearl/DP Black Star Promos/DP44.ts", "data/Diamond & Pearl/DP Black Star Promos/DP45.ts", "data/Diamond & Pearl/DP Black Star Promos/DP46.ts", "data/Diamond & Pearl/DP Black Star Promos/DP47.ts", "data/Diamond & Pearl/DP Black Star Promos/DP48.ts", "data/Diamond & Pearl/DP Black Star Promos/DP49.ts", "data/Diamond & Pearl/DP Black Star Promos/DP50.ts", "data/Diamond & Pearl/DP Black Star Promos/DP51.ts", "data/Diamond & Pearl/DP Black Star Promos/DP52.ts", "data/Diamond & Pearl/DP Black Star Promos/DP53.ts", "data/Diamond & Pearl/DP Black Star Promos/DP54.ts", "data/Diamond & Pearl/DP Black Star Promos/DP55.ts", "data/Diamond & Pearl/DP Black Star Promos/DP56.ts"]	dp	dpp	pending	
Diamond & Pearl	Diamond & Pearl	pr/Diamond-Pearl-Diamond-Pearl	1	1	["data/Diamond & Pearl/Diamond & Pearl/109.ts"]	dp	dp1	pending	
Diamond & Pearl	Great Encounters	pr/Diamond-Pearl-Great-Encounters	2	2	["data/Diamond & Pearl/Great Encounters/100.ts", "data/Diamond & Pearl/Great Encounters/98.ts"]	dp	dp4	pending	
Diamond & Pearl	Legends Awakened	pr/Diamond-Pearl-Legends-Awakened	8	8	["data/Diamond & Pearl/Legends Awakened/130.ts", "data/Diamond & Pearl/Legends Awakened/131.ts", "data/Diamond & Pearl/Legends Awakened/134.ts", "data/Diamond & Pearl/Legends Awakened/135.ts", "data/Diamond & Pearl/Legends Awakened/136.ts", "data/Diamond & Pearl/Legends Awakened/137.ts", "data/Diamond & Pearl/Legends Awakened/138.ts", "data/Diamond & Pearl/Legends Awakened/139.ts"]	dp	dp6	pending	
Diamond & Pearl	Majestic Dawn	pr/Diamond-Pearl-Majestic-Dawn	5	5	["data/Diamond & Pearl/Majestic Dawn/65.ts", "data/Diamond & Pearl/Majestic Dawn/79.ts", "data/Diamond & Pearl/Majestic Dawn/82.ts", "data/Diamond & Pearl/Majestic Dawn/84.ts", "data/Diamond & Pearl/Majestic Dawn/89.ts"]	dp	dp5	pending	
Diamond & Pearl	Mysterious Treasures	pr/Diamond-Pearl-Mysterious-Treasures	10	10	["data/Diamond & Pearl/Mysterious Treasures/109.ts", "data/Diamond & Pearl/Mysterious Treasures/111.ts", "data/Diamond & Pearl/Mysterious Treasures/112.ts", "data/Diamond & Pearl/Mysterious Treasures/114.ts", "data/Diamond & Pearl/Mysterious Treasures/115.ts", "data/Diamond & Pearl/Mysterious Treasures/116.ts", "data/Diamond & Pearl/Mysterious Treasures/117.ts", "data/Diamond & Pearl/Mysterious Treasures/118.ts", "data/Diamond & Pearl/Mysterious Treasures/119.ts", "data/Diamond & Pearl/Mysterious Treasures/120.ts"]	dp	dp2	pending	
Diamond & Pearl	Secret Wonders	pr/Diamond-Pearl-Secret-Wonders	1	1	["data/Diamond & Pearl/Secret Wonders/124.ts"]	dp	dp3	pending	
Diamond & Pearl	Stormfront	pr/Diamond-Pearl-Stormfront	3	3	["data/Diamond & Pearl/Stormfront/82.ts", "data/Diamond & Pearl/Stormfront/87.ts", "data/Diamond & Pearl/Stormfront/97.ts"]	dp	dp7	pending	
E-Card	Aquapolis	pr/E-Card-Aquapolis	23	23	["data/E-Card/Aquapolis/118.ts", "data/E-Card/Aquapolis/119.ts", "data/E-Card/Aquapolis/121.ts", "data/E-Card/Aquapolis/122.ts", "data/E-Card/Aquapolis/123.ts", "data/E-Card/Aquapolis/126.ts", "data/E-Card/Aquapolis/129.ts", "data/E-Card/Aquapolis/130.ts", "data/E-Card/Aquapolis/131.ts", "data/E-Card/Aquapolis/132.ts", "data/E-Card/Aquapolis/133.ts", "data/E-Card/Aquapolis/136.ts", "data/E-Card/Aquapolis/137.ts", "data/E-Card/Aquapolis/138.ts", "data/E-Card/Aquapolis/139.ts", "data/E-Card/Aquapolis/140.ts", "data/E-Card/Aquapolis/141.ts", "data/E-Card/Aquapolis/142.ts", "data/E-Card/Aquapolis/143.ts", "data/E-Card/Aquapolis/144.ts", "data/E-Card/Aquapolis/145.ts", "data/E-Card/Aquapolis/146.ts", "data/E-Card/Aquapolis/147.ts"]	ecard	ecard2	pending	
E-Card	Expedition Base Set	pr/E-Card-Expedition-Base-Set	9	9	["data/E-Card/Expedition Base Set/137.ts", "data/E-Card/Expedition Base Set/138.ts", "data/E-Card/Expedition Base Set/142.ts", "data/E-Card/Expedition Base Set/144.ts", "data/E-Card/Expedition Base Set/145.ts", "data/E-Card/Expedition Base Set/148.ts", "data/E-Card/Expedition Base Set/149.ts", "data/E-Card/Expedition Base Set/158.ts", "data/E-Card/Expedition Base Set/159.ts"]	ecard	ecard1	pending	
EX	Crystal Guardians	pr/EX-Crystal-Guardians	6	6	["data/EX/Crystal Guardians/21.ts", "data/EX/Crystal Guardians/71.ts", "data/EX/Crystal Guardians/72.ts", "data/EX/Crystal Guardians/73.ts", "data/EX/Crystal Guardians/75.ts", "data/EX/Crystal Guardians/79.ts"]	ex	ex14	pending	
EX	Delta Species	pr/EX-Delta-Species	12	12	["data/EX/Delta Species/103.ts", "data/EX/Delta Species/104.ts", "data/EX/Delta Species/105.ts", "data/EX/Delta Species/106.ts", "data/EX/Delta Species/107.ts", "data/EX/Delta Species/91.ts", "data/EX/Delta Species/92.ts", "data/EX/Delta Species/93.ts", "data/EX/Delta Species/94.ts", "data/EX/Delta Species/95.ts", "data/EX/Delta Species/96.ts", "data/EX/Delta Species/97.ts"]	ex	ex11	pending	
EX	Deoxys	pr/EX-Deoxys	7	7	["data/EX/Deoxys/87.ts", "data/EX/Deoxys/89.ts", "data/EX/Deoxys/90.ts", "data/EX/Deoxys/91.ts", "data/EX/Deoxys/93.ts", "data/EX/Deoxys/94.ts", "data/EX/Deoxys/95.ts"]	ex	ex8	pending	
EX	Dragon	pr/EX-Dragon	4	4	["data/EX/Dragon/85.ts", "data/EX/Dragon/86.ts", "data/EX/Dragon/87.ts", "data/EX/Dragon/88.ts"]	ex	ex3	pending	
EX	Dragon Frontiers	pr/EX-Dragon-Frontiers	15	15	["data/EX/Dragon Frontiers/10.ts", "data/EX/Dragon Frontiers/73.ts", "data/EX/Dragon Frontiers/74.ts", "data/EX/Dragon Frontiers/75.ts", "data/EX/Dragon Frontiers/76.ts", "data/EX/Dragon Frontiers/77.ts", "data/EX/Dragon Frontiers/79.ts", "data/EX/Dragon Frontiers/80.ts", "data/EX/Dragon Frontiers/82.ts", "data/EX/Dragon Frontiers/84.ts", "data/EX/Dragon Frontiers/85.ts", "data/EX/Dragon Frontiers/86.ts", "data/EX/Dragon Frontiers/87.ts", "data/EX/Dragon Frontiers/88.ts", "data/EX/Dragon Frontiers/89.ts"]	ex	ex15	pending	
EX	Emerald	pr/EX-Emerald	9	9	["data/EX/Emerald/75.ts", "data/EX/Emerald/77.ts", "data/EX/Emerald/79.ts", "data/EX/Emerald/82.ts", "data/EX/Emerald/84.ts", "data/EX/Emerald/85.ts", "data/EX/Emerald/86.ts", "data/EX/Emerald/88.ts", "data/EX/Emerald/89.ts"]	ex	ex9	pending	
EX	FireRed & LeafGreen	pr/EX-FireRed-LeafGreen	6	6	["data/EX/FireRed & LeafGreen/101.ts", "data/EX/FireRed & LeafGreen/103.ts", "data/EX/FireRed & LeafGreen/87.ts", "data/EX/FireRed & LeafGreen/88.ts", "data/EX/FireRed & LeafGreen/94.ts", "data/EX/FireRed & LeafGreen/98.ts"]	ex	ex6	pending	
EX	Hidden Legends	pr/EX-Hidden-Legends	8	8	["data/EX/Hidden Legends/84.ts", "data/EX/Hidden Legends/85.ts", "data/EX/Hidden Legends/86.ts", "data/EX/Hidden Legends/87.ts", "data/EX/Hidden Legends/88.ts", "data/EX/Hidden Legends/89.ts", "data/EX/Hidden Legends/91.ts", "data/EX/Hidden Legends/92.ts"]	ex	ex5	pending	
EX	Holon Phantoms	pr/EX-Holon-Phantoms	11	11	["data/EX/Holon Phantoms/85.ts", "data/EX/Holon Phantoms/87.ts", "data/EX/Holon Phantoms/88.ts", "data/EX/Holon Phantoms/89.ts", "data/EX/Holon Phantoms/91.ts", "data/EX/Holon Phantoms/93.ts", "data/EX/Holon Phantoms/94.ts", "data/EX/Holon Phantoms/95.ts", "data/EX/Holon Phantoms/96.ts", "data/EX/Holon Phantoms/97.ts", "data/EX/Holon Phantoms/98.ts"]	ex	ex13	pending	
EX	Legend Maker	pr/EX-Legend-Maker	10	10	["data/EX/Legend Maker/72.ts", "data/EX/Legend Maker/73.ts", "data/EX/Legend Maker/74.ts", "data/EX/Legend Maker/75.ts", "data/EX/Legend Maker/76.ts", "data/EX/Legend Maker/77.ts", "data/EX/Legend Maker/78.ts", "data/EX/Legend Maker/80.ts", "data/EX/Legend Maker/81.ts", "data/EX/Legend Maker/82.ts"]	ex	ex12	pending	
EX	Power Keepers	pr/EX-Power-Keepers	15	15	["data/EX/Power Keepers/71.ts", "data/EX/Power Keepers/72.ts", "data/EX/Power Keepers/76.ts", "data/EX/Power Keepers/79.ts", "data/EX/Power Keepers/80.ts", "data/EX/Power Keepers/81.ts", "data/EX/Power Keepers/82.ts", "data/EX/Power Keepers/83.ts", "data/EX/Power Keepers/84.ts", "data/EX/Power Keepers/86.ts", "data/EX/Power Keepers/87.ts", "data/EX/Power Keepers/88.ts", "data/EX/Power Keepers/89.ts", "data/EX/Power Keepers/90.ts", "data/EX/Power Keepers/91.ts"]	ex	ex16	pending	
EX	Ruby & Sapphire	pr/EX-Ruby-Sapphire	5	5	["data/EX/Ruby & Sapphire/83.ts", "data/EX/Ruby & Sapphire/89.ts", "data/EX/Ruby & Sapphire/93.ts", "data/EX/Ruby & Sapphire/94.ts", "data/EX/Ruby & Sapphire/95.ts"]	ex	ex1	pending	
EX	Sandstorm	pr/EX-Sandstorm	5	5	["data/EX/Sandstorm/87.ts", "data/EX/Sandstorm/89.ts", "data/EX/Sandstorm/90.ts", "data/EX/Sandstorm/92.ts", "data/EX/Sandstorm/93.ts"]	ex	ex2	pending	
EX	Team Magma vs Team Aqua	pr/EX-Team-Magma-vs-Team-Aqua	10	10	["data/EX/Team Magma vs Team Aqua/69.ts", "data/EX/Team Magma vs Team Aqua/70.ts", "data/EX/Team Magma vs Team Aqua/71.ts", "data/EX/Team Magma vs Team Aqua/73.ts", "data/EX/Team Magma vs Team Aqua/77.ts", "data/EX/Team Magma vs Team Aqua/78.ts", "data/EX/Team Magma vs Team Aqua/82.ts", "data/EX/Team Magma vs Team Aqua/83.ts", "data/EX/Team Magma vs Team Aqua/86.ts", "data/EX/Team Magma vs Team Aqua/87.ts"]	ex	ex4	pending	
EX	Unseen Forces	pr/EX-Unseen-Forces	7	7	["data/EX/Unseen Forces/100.ts", "data/EX/Unseen Forces/86.ts", "data/EX/Unseen Forces/89.ts", "data/EX/Unseen Forces/96.ts", "data/EX/Unseen Forces/97.ts", "data/EX/Unseen Forces/98.ts", "data/EX/Unseen Forces/99.ts"]	ex	ex10	pending	
EX	Unseen Forces Unown Collection	pr/EX-Unseen-Forces-Unown-Collection	1	1	["data/EX/Unseen Forces Unown Collection/%3F.ts"]	ex	exu	pending	
HeartGold & SoulSilver	HGSS Black Star Promos	pr/HeartGold-SoulSilver-HGSS-Black-Star-Promos	27	27	["data/HeartGold & SoulSilver/HGSS Black Star Promos/HGSS01.ts", "data/HeartGold & SoulSilver/HGSS Black Star Promos/HGSS02.ts", "data/HeartGold & SoulSilver/HGSS Black Star Promos/HGSS03.ts", "data/HeartGold & SoulSilver/HGSS Black Star Promos/HGSS04.ts", "data/HeartGold & SoulSilver/HGSS Black Star Promos/HGSS05.ts", "data/HeartGold & SoulSilver/HGSS Black Star Promos/HGSS06.ts", "data/HeartGold & SoulSilver/HGSS Black Star Promos/HGSS07.ts", "data/HeartGold & SoulSilver/HGSS Black Star Promos/HGSS08.ts", "data/HeartGold & SoulSilver/HGSS Black Star Promos/HGSS09.ts", "data/HeartGold & SoulSilver/HGSS Black Star Promos/HGSS10.ts", "data/HeartGold & SoulSilver/HGSS Black Star Promos/HGSS11.ts", "data/HeartGold & SoulSilver/HGSS Black Star Promos/HGSS12.ts", "data/HeartGold & SoulSilver/HGSS Black Star Promos/HGSS13.ts", "data/HeartGold & SoulSilver/HGSS Black Star Promos/HGSS14.ts", "data/HeartGold & SoulSilver/HGSS Black Star Promos/HGSS15.ts", "data/HeartGold & SoulSilver/HGSS Black Star Promos/HGSS16.ts", "data/HeartGold & SoulSilver/HGSS Black Star Promos/HGSS17.ts", "data/HeartGold & SoulSilver/HGSS Black Star Promos/HGSS18.ts", "data/HeartGold & SoulSilver/HGSS Black Star Promos/HGSS19.ts", "data/HeartGold & SoulSilver/HGSS Black Star Promos/HGSS20.ts", "data/HeartGold & SoulSilver/HGSS Black Star Promos/HGSS21.ts", "data/HeartGold & SoulSilver/HGSS Black Star Promos/HGSS22.ts", "data/HeartGold & SoulSilver/HGSS Black Star Promos/HGSS23.ts", "data/HeartGold & SoulSilver/HGSS Black Star Promos/HGSS24.ts", "data/HeartGold & SoulSilver/HGSS Black Star Promos/HGSS25.ts", "data/HeartGold & SoulSilver/HGSS Black Star Promos/unnumbered1.ts", "data/HeartGold & SoulSilver/HGSS Black Star Promos/unnumbered2.ts"]	hgss	hgssp	pending	
HeartGold & SoulSilver	HeartGold SoulSilver	pr/HeartGold-SoulSilver-HeartGold-SoulSilver	2	2	["data/HeartGold & SoulSilver/HeartGold SoulSilver/111.ts", "data/HeartGold & SoulSilver/HeartGold SoulSilver/113.ts"]	hgss	hgss1	pending	
HeartGold & SoulSilver	Triumphant	pr/HeartGold-SoulSilver-Triumphant	4	4	["data/HeartGold & SoulSilver/Triumphant/100.ts", "data/HeartGold & SoulSilver/Triumphant/101.ts", "data/HeartGold & SoulSilver/Triumphant/102.ts", "data/HeartGold & SoulSilver/Triumphant/99.ts"]	hgss	hgss4	pending	
HeartGold & SoulSilver	Undaunted	pr/HeartGold-SoulSilver-Undaunted	4	4	["data/HeartGold & SoulSilver/Undaunted/87.ts", "data/HeartGold & SoulSilver/Undaunted/88.ts", "data/HeartGold & SoulSilver/Undaunted/89.ts", "data/HeartGold & SoulSilver/Undaunted/90.ts"]	hgss	hgss3	pending	
HeartGold & SoulSilver	Unleashed	pr/HeartGold-SoulSilver-Unleashed	6	6	["data/HeartGold & SoulSilver/Unleashed/90.ts", "data/HeartGold & SoulSilver/Unleashed/91.ts", "data/HeartGold & SoulSilver/Unleashed/92.ts", "data/HeartGold & SoulSilver/Unleashed/93.ts", "data/HeartGold & SoulSilver/Unleashed/94.ts", "data/HeartGold & SoulSilver/Unleashed/95.ts"]	hgss	hgss2	pending	
McDonald's Collection	Collection McDonald's 2013	pr/McDonald-s-Collection-Collection-McDonald-s-2013	12	13	["data/McDonald's Collection/Collection McDonald's 2013.ts", "data/McDonald's Collection/Collection McDonald's 2013/1.ts", "data/McDonald's Collection/Collection McDonald's 2013/10.ts", "data/McDonald's Collection/Collection McDonald's 2013/11.ts", "data/McDonald's Collection/Collection McDonald's 2013/12.ts", "data/McDonald's Collection/Collection McDonald's 2013/2.ts", "data/McDonald's Collection/Collection McDonald's 2013/3.ts", "data/McDonald's Collection/Collection McDonald's 2013/4.ts", "data/McDonald's Collection/Collection McDonald's 2013/5.ts", "data/McDonald's Collection/Collection McDonald's 2013/6.ts", "data/McDonald's Collection/Collection McDonald's 2013/7.ts", "data/McDonald's Collection/Collection McDonald's 2013/8.ts", "data/McDonald's Collection/Collection McDonald's 2013/9.ts"]	mc	2013bw	pending	
McDonald's Collection	Collection McDonald's 2018	pr/McDonald-s-Collection-Collection-McDonald-s-2018	40	41	["data/McDonald's Collection/Collection McDonald's 2018.ts", "data/McDonald's Collection/Collection McDonald's 2018/1.ts", "data/McDonald's Collection/Collection McDonald's 2018/10.ts", "data/McDonald's Collection/Collection McDonald's 2018/11.ts", "data/McDonald's Collection/Collection McDonald's 2018/12.ts", "data/McDonald's Collection/Collection McDonald's 2018/13.ts", "data/McDonald's Collection/Collection McDonald's 2018/14.ts", "data/McDonald's Collection/Collection McDonald's 2018/15.ts", "data/McDonald's Collection/Collection McDonald's 2018/16.ts", "data/McDonald's Collection/Collection McDonald's 2018/17.ts", "data/McDonald's Collection/Collection McDonald's 2018/18.ts", "data/McDonald's Collection/Collection McDonald's 2018/19.ts", "data/McDonald's Collection/Collection McDonald's 2018/2.ts", "data/McDonald's Collection/Collection McDonald's 2018/20.ts", "data/McDonald's Collection/Collection McDonald's 2018/21.ts", "data/McDonald's Collection/Collection McDonald's 2018/22.ts", "data/McDonald's Collection/Collection McDonald's 2018/23.ts", "data/McDonald's Collection/Collection McDonald's 2018/24.ts", "data/McDonald's Collection/Collection McDonald's 2018/25.ts", "data/McDonald's Collection/Collection McDonald's 2018/26.ts", "data/McDonald's Collection/Collection McDonald's 2018/27.ts", "data/McDonald's Collection/Collection McDonald's 2018/28.ts", "data/McDonald's Collection/Collection McDonald's 2018/29.ts", "data/McDonald's Collection/Collection McDonald's 2018/3.ts", "data/McDonald's Collection/Collection McDonald's 2018/30.ts", "data/McDonald's Collection/Collection McDonald's 2018/31.ts", "data/McDonald's Collection/Collection McDonald's 2018/32.ts", "data/McDonald's Collection/Collection McDonald's 2018/33.ts", "data/McDonald's Collection/Collection McDonald's 2018/34.ts", "data/McDonald's Collection/Collection McDonald's 2018/35.ts", "data/McDonald's Collection/Collection McDonald's 2018/36.ts", "data/McDonald's Collection/Collection McDonald's 2018/37.ts", "data/McDonald's Collection/Collection McDonald's 2018/38.ts", "data/McDonald's Collection/Collection McDonald's 2018/39.ts", "data/McDonald's Collection/Collection McDonald's 2018/4.ts", "data/McDonald's Collection/Collection McDonald's 2018/40.ts", "data/McDonald's Collection/Collection McDonald's 2018/5.ts", "data/McDonald's Collection/Collection McDonald's 2018/6.ts", "data/McDonald's Collection/Collection McDonald's 2018/7.ts", "data/McDonald's Collection/Collection McDonald's 2018/8.ts", "data/McDonald's Collection/Collection McDonald's 2018/9.ts"]	mc	2018sm-fr	pending	
McDonald's Collection	Collection McDonald's 2019	pr/McDonald-s-Collection-Collection-McDonald-s-2019	40	41	["data/McDonald's Collection/Collection McDonald's 2019.ts", "data/McDonald's Collection/Collection McDonald's 2019/1.ts", "data/McDonald's Collection/Collection McDonald's 2019/10.ts", "data/McDonald's Collection/Collection McDonald's 2019/11.ts", "data/McDonald's Collection/Collection McDonald's 2019/12.ts", "data/McDonald's Collection/Collection McDonald's 2019/13.ts", "data/McDonald's Collection/Collection McDonald's 2019/14.ts", "data/McDonald's Collection/Collection McDonald's 2019/15.ts", "data/McDonald's Collection/Collection McDonald's 2019/16.ts", "data/McDonald's Collection/Collection McDonald's 2019/17.ts", "data/McDonald's Collection/Collection McDonald's 2019/18.ts", "data/McDonald's Collection/Collection McDonald's 2019/19.ts", "data/McDonald's Collection/Collection McDonald's 2019/2.ts", "data/McDonald's Collection/Collection McDonald's 2019/20.ts", "data/McDonald's Collection/Collection McDonald's 2019/21.ts", "data/McDonald's Collection/Collection McDonald's 2019/22.ts", "data/McDonald's Collection/Collection McDonald's 2019/23.ts", "data/McDonald's Collection/Collection McDonald's 2019/24.ts", "data/McDonald's Collection/Collection McDonald's 2019/25.ts", "data/McDonald's Collection/Collection McDonald's 2019/26.ts", "data/McDonald's Collection/Collection McDonald's 2019/27.ts", "data/McDonald's Collection/Collection McDonald's 2019/28.ts", "data/McDonald's Collection/Collection McDonald's 2019/29.ts", "data/McDonald's Collection/Collection McDonald's 2019/3.ts", "data/McDonald's Collection/Collection McDonald's 2019/30.ts", "data/McDonald's Collection/Collection McDonald's 2019/31.ts", "data/McDonald's Collection/Collection McDonald's 2019/32.ts", "data/McDonald's Collection/Collection McDonald's 2019/33.ts", "data/McDonald's Collection/Collection McDonald's 2019/34.ts", "data/McDonald's Collection/Collection McDonald's 2019/35.ts", "data/McDonald's Collection/Collection McDonald's 2019/36.ts", "data/McDonald's Collection/Collection McDonald's 2019/37.ts", "data/McDonald's Collection/Collection McDonald's 2019/38.ts", "data/McDonald's Collection/Collection McDonald's 2019/39.ts", "data/McDonald's Collection/Collection McDonald's 2019/4.ts", "data/McDonald's Collection/Collection McDonald's 2019/40.ts", "data/McDonald's Collection/Collection McDonald's 2019/5.ts", "data/McDonald's Collection/Collection McDonald's 2019/6.ts", "data/McDonald's Collection/Collection McDonald's 2019/7.ts", "data/McDonald's Collection/Collection McDonald's 2019/8.ts", "data/McDonald's Collection/Collection McDonald's 2019/9.ts"]	mc	2019sm-fr	pending	
McDonald's Collection	McDonald's Collection 2011	pr/McDonald-s-Collection-McDonald-s-Collection-2011	12	13	["data/McDonald's Collection/McDonald's Collection 2011.ts", "data/McDonald's Collection/McDonald's Collection 2011/1.ts", "data/McDonald's Collection/McDonald's Collection 2011/10.ts", "data/McDonald's Collection/McDonald's Collection 2011/11.ts", "data/McDonald's Collection/McDonald's Collection 2011/12.ts", "data/McDonald's Collection/McDonald's Collection 2011/2.ts", "data/McDonald's Collection/McDonald's Collection 2011/3.ts", "data/McDonald's Collection/McDonald's Collection 2011/4.ts", "data/McDonald's Collection/McDonald's Collection 2011/5.ts", "data/McDonald's Collection/McDonald's Collection 2011/6.ts", "data/McDonald's Collection/McDonald's Collection 2011/7.ts", "data/McDonald's Collection/McDonald's Collection 2011/8.ts", "data/McDonald's Collection/McDonald's Collection 2011/9.ts"]	mc	2011bw	pending	
McDonald's Collection	McDonald's Collection 2012	pr/McDonald-s-Collection-McDonald-s-Collection-2012	12	13	["data/McDonald's Collection/McDonald's Collection 2012.ts", "data/McDonald's Collection/McDonald's Collection 2012/1.ts", "data/McDonald's Collection/McDonald's Collection 2012/10.ts", "data/McDonald's Collection/McDonald's Collection 2012/11.ts", "data/McDonald's Collection/McDonald's Collection 2012/12.ts", "data/McDonald's Collection/McDonald's Collection 2012/2.ts", "data/McDonald's Collection/McDonald's Collection 2012/3.ts", "data/McDonald's Collection/McDonald's Collection 2012/4.ts", "data/McDonald's Collection/McDonald's Collection 2012/5.ts", "data/McDonald's Collection/McDonald's Collection 2012/6.ts", "data/McDonald's Collection/McDonald's Collection 2012/7.ts", "data/McDonald's Collection/McDonald's Collection 2012/8.ts", "data/McDonald's Collection/McDonald's Collection 2012/9.ts"]	mc	2012bw	pending	
McDonald's Collection	McDonald's Collection 2014	pr/McDonald-s-Collection-McDonald-s-Collection-2014	12	13	["data/McDonald's Collection/McDonald's Collection 2014.ts", "data/McDonald's Collection/McDonald's Collection 2014/1.ts", "data/McDonald's Collection/McDonald's Collection 2014/10.ts", "data/McDonald's Collection/McDonald's Collection 2014/11.ts", "data/McDonald's Collection/McDonald's Collection 2014/12.ts", "data/McDonald's Collection/McDonald's Collection 2014/2.ts", "data/McDonald's Collection/McDonald's Collection 2014/3.ts", "data/McDonald's Collection/McDonald's Collection 2014/4.ts", "data/McDonald's Collection/McDonald's Collection 2014/5.ts", "data/McDonald's Collection/McDonald's Collection 2014/6.ts", "data/McDonald's Collection/McDonald's Collection 2014/7.ts", "data/McDonald's Collection/McDonald's Collection 2014/8.ts", "data/McDonald's Collection/McDonald's Collection 2014/9.ts"]	mc	2014xy	pending	
McDonald's Collection	McDonald's Collection 2015	pr/McDonald-s-Collection-McDonald-s-Collection-2015	12	13	["data/McDonald's Collection/McDonald's Collection 2015.ts", "data/McDonald's Collection/McDonald's Collection 2015/1.ts", "data/McDonald's Collection/McDonald's Collection 2015/10.ts", "data/McDonald's Collection/McDonald's Collection 2015/11.ts", "data/McDonald's Collection/McDonald's Collection 2015/12.ts", "data/McDonald's Collection/McDonald's Collection 2015/2.ts", "data/McDonald's Collection/McDonald's Collection 2015/3.ts", "data/McDonald's Collection/McDonald's Collection 2015/4.ts", "data/McDonald's Collection/McDonald's Collection 2015/5.ts", "data/McDonald's Collection/McDonald's Collection 2015/6.ts", "data/McDonald's Collection/McDonald's Collection 2015/7.ts", "data/McDonald's Collection/McDonald's Collection 2015/8.ts", "data/McDonald's Collection/McDonald's Collection 2015/9.ts"]	mc	2015xy	pending	
McDonald's Collection	McDonald's Collection 2016	pr/McDonald-s-Collection-McDonald-s-Collection-2016	12	13	["data/McDonald's Collection/McDonald's Collection 2016.ts", "data/McDonald's Collection/McDonald's Collection 2016/1.ts", "data/McDonald's Collection/McDonald's Collection 2016/10.ts", "data/McDonald's Collection/McDonald's Collection 2016/11.ts", "data/McDonald's Collection/McDonald's Collection 2016/12.ts", "data/McDonald's Collection/McDonald's Collection 2016/2.ts", "data/McDonald's Collection/McDonald's Collection 2016/3.ts", "data/McDonald's Collection/McDonald's Collection 2016/4.ts", "data/McDonald's Collection/McDonald's Collection 2016/5.ts", "data/McDonald's Collection/McDonald's Collection 2016/6.ts", "data/McDonald's Collection/McDonald's Collection 2016/7.ts", "data/McDonald's Collection/McDonald's Collection 2016/8.ts", "data/McDonald's Collection/McDonald's Collection 2016/9.ts"]	mc	2016xy	pending	
McDonald's Collection	McDonald's Collection 2017	pr/McDonald-s-Collection-McDonald-s-Collection-2017	12	13	["data/McDonald's Collection/McDonald's Collection 2017.ts", "data/McDonald's Collection/McDonald's Collection 2017/1.ts", "data/McDonald's Collection/McDonald's Collection 2017/10.ts", "data/McDonald's Collection/McDonald's Collection 2017/11.ts", "data/McDonald's Collection/McDonald's Collection 2017/12.ts", "data/McDonald's Collection/McDonald's Collection 2017/2.ts", "data/McDonald's Collection/McDonald's Collection 2017/3.ts", "data/McDonald's Collection/McDonald's Collection 2017/4.ts", "data/McDonald's Collection/McDonald's Collection 2017/5.ts", "data/McDonald's Collection/McDonald's Collection 2017/6.ts", "data/McDonald's Collection/McDonald's Collection 2017/7.ts", "data/McDonald's Collection/McDonald's Collection 2017/8.ts", "data/McDonald's Collection/McDonald's Collection 2017/9.ts"]	mc	2017sm	pending	
McDonald's Collection	McDonald's Collection 2018	pr/McDonald-s-Collection-McDonald-s-Collection-2018	12	13	["data/McDonald's Collection/McDonald's Collection 2018.ts", "data/McDonald's Collection/McDonald's Collection 2018/1.ts", "data/McDonald's Collection/McDonald's Collection 2018/10.ts", "data/McDonald's Collection/McDonald's Collection 2018/11.ts", "data/McDonald's Collection/McDonald's Collection 2018/12.ts", "data/McDonald's Collection/McDonald's Collection 2018/2.ts", "data/McDonald's Collection/McDonald's Collection 2018/3.ts", "data/McDonald's Collection/McDonald's Collection 2018/4.ts", "data/McDonald's Collection/McDonald's Collection 2018/5.ts", "data/McDonald's Collection/McDonald's Collection 2018/6.ts", "data/McDonald's Collection/McDonald's Collection 2018/7.ts", "data/McDonald's Collection/McDonald's Collection 2018/8.ts", "data/McDonald's Collection/McDonald's Collection 2018/9.ts"]	mc	2018sm	pending	
McDonald's Collection	McDonald's Collection 2019	pr/McDonald-s-Collection-McDonald-s-Collection-2019	12	13	["data/McDonald's Collection/McDonald's Collection 2019.ts", "data/McDonald's Collection/McDonald's Collection 2019/1.ts", "data/McDonald's Collection/McDonald's Collection 2019/10.ts", "data/McDonald's Collection/McDonald's Collection 2019/11.ts", "data/McDonald's Collection/McDonald's Collection 2019/12.ts", "data/McDonald's Collection/McDonald's Collection 2019/2.ts", "data/McDonald's Collection/McDonald's Collection 2019/3.ts", "data/McDonald's Collection/McDonald's Collection 2019/4.ts", "data/McDonald's Collection/McDonald's Collection 2019/5.ts", "data/McDonald's Collection/McDonald's Collection 2019/6.ts", "data/McDonald's Collection/McDonald's Collection 2019/7.ts", "data/McDonald's Collection/McDonald's Collection 2019/8.ts", "data/McDonald's Collection/McDonald's Collection 2019/9.ts"]	mc	2019sm	pending	
McDonald's Collection	McDonald's Collection 2021	pr/McDonald-s-Collection-McDonald-s-Collection-2021	25	26	["data/McDonald's Collection/McDonald's Collection 2021.ts", "data/McDonald's Collection/McDonald's Collection 2021/1.ts", "data/McDonald's Collection/McDonald's Collection 2021/10.ts", "data/McDonald's Collection/McDonald's Collection 2021/11.ts", "data/McDonald's Collection/McDonald's Collection 2021/12.ts", "data/McDonald's Collection/McDonald's Collection 2021/13.ts", "data/McDonald's Collection/McDonald's Collection 2021/14.ts", "data/McDonald's Collection/McDonald's Collection 2021/15.ts", "data/McDonald's Collection/McDonald's Collection 2021/16.ts", "data/McDonald's Collection/McDonald's Collection 2021/17.ts", "data/McDonald's Collection/McDonald's Collection 2021/18.ts", "data/McDonald's Collection/McDonald's Collection 2021/19.ts", "data/McDonald's Collection/McDonald's Collection 2021/2.ts", "data/McDonald's Collection/McDonald's Collection 2021/20.ts", "data/McDonald's Collection/McDonald's Collection 2021/21.ts", "data/McDonald's Collection/McDonald's Collection 2021/22.ts", "data/McDonald's Collection/McDonald's Collection 2021/23.ts", "data/McDonald's Collection/McDonald's Collection 2021/24.ts", "data/McDonald's Collection/McDonald's Collection 2021/25.ts", "data/McDonald's Collection/McDonald's Collection 2021/3.ts", "data/McDonald's Collection/McDonald's Collection 2021/4.ts", "data/McDonald's Collection/McDonald's Collection 2021/5.ts", "data/McDonald's Collection/McDonald's Collection 2021/6.ts", "data/McDonald's Collection/McDonald's Collection 2021/7.ts", "data/McDonald's Collection/McDonald's Collection 2021/8.ts", "data/McDonald's Collection/McDonald's Collection 2021/9.ts"]	mc	2021swsh	pending	
McDonald's Collection	McDonald's Collection 2022	pr/McDonald-s-Collection-McDonald-s-Collection-2022	15	16	["data/McDonald's Collection/McDonald's Collection 2022.ts", "data/McDonald's Collection/McDonald's Collection 2022/1.ts", "data/McDonald's Collection/McDonald's Collection 2022/10.ts", "data/McDonald's Collection/McDonald's Collection 2022/11.ts", "data/McDonald's Collection/McDonald's Collection 2022/12.ts", "data/McDonald's Collection/McDonald's Collection 2022/13.ts", "data/McDonald's Collection/McDonald's Collection 2022/14.ts", "data/McDonald's Collection/McDonald's Collection 2022/15.ts", "data/McDonald's Collection/McDonald's Collection 2022/2.ts", "data/McDonald's Collection/McDonald's Collection 2022/3.ts", "data/McDonald's Collection/McDonald's Collection 2022/4.ts", "data/McDonald's Collection/McDonald's Collection 2022/5.ts", "data/McDonald's Collection/McDonald's Collection 2022/6.ts", "data/McDonald's Collection/McDonald's Collection 2022/7.ts", "data/McDonald's Collection/McDonald's Collection 2022/8.ts", "data/McDonald's Collection/McDonald's Collection 2022/9.ts"]	mc	2022swsh	pending	
McDonald's Collection	McDonald's Collection 2023	pr/McDonald-s-Collection-McDonald-s-Collection-2023	15	16	["data/McDonald's Collection/McDonald's Collection 2023.ts", "data/McDonald's Collection/McDonald's Collection 2023/1.ts", "data/McDonald's Collection/McDonald's Collection 2023/10.ts", "data/McDonald's Collection/McDonald's Collection 2023/11.ts", "data/McDonald's Collection/McDonald's Collection 2023/12.ts", "data/McDonald's Collection/McDonald's Collection 2023/13.ts", "data/McDonald's Collection/McDonald's Collection 2023/14.ts", "data/McDonald's Collection/McDonald's Collection 2023/15.ts", "data/McDonald's Collection/McDonald's Collection 2023/2.ts", "data/McDonald's Collection/McDonald's Collection 2023/3.ts", "data/McDonald's Collection/McDonald's Collection 2023/4.ts", "data/McDonald's Collection/McDonald's Collection 2023/5.ts", "data/McDonald's Collection/McDonald's Collection 2023/6.ts", "data/McDonald's Collection/McDonald's Collection 2023/7.ts", "data/McDonald's Collection/McDonald's Collection 2023/8.ts", "data/McDonald's Collection/McDonald's Collection 2023/9.ts"]	mc	2023sv	pending	
McDonald's Collection	McDonald's Collection 2024	pr/McDonald-s-Collection-McDonald-s-Collection-2024	15	16	["data/McDonald's Collection/McDonald's Collection 2024.ts", "data/McDonald's Collection/McDonald's Collection 2024/1.ts", "data/McDonald's Collection/McDonald's Collection 2024/10.ts", "data/McDonald's Collection/McDonald's Collection 2024/11.ts", "data/McDonald's Collection/McDonald's Collection 2024/12.ts", "data/McDonald's Collection/McDonald's Collection 2024/13.ts", "data/McDonald's Collection/McDonald's Collection 2024/14.ts", "data/McDonald's Collection/McDonald's Collection 2024/15.ts", "data/McDonald's Collection/McDonald's Collection 2024/2.ts", "data/McDonald's Collection/McDonald's Collection 2024/3.ts", "data/McDonald's Collection/McDonald's Collection 2024/4.ts", "data/McDonald's Collection/McDonald's Collection 2024/5.ts", "data/McDonald's Collection/McDonald's Collection 2024/6.ts", "data/McDonald's Collection/McDonald's Collection 2024/7.ts", "data/McDonald's Collection/McDonald's Collection 2024/8.ts", "data/McDonald's Collection/McDonald's Collection 2024/9.ts"]	mc	2024sv	pending	
McDonald's Collection	Promo McDonald's 2013	pr/McDonald-s-Collection-Promo-McDonald-s-2013	1	1	["data/McDonald's Collection/Promo McDonald's 2013/4.ts"]	mc	2013bw	pending	
Mega Evolution	Ascended Heroes	pr/Mega-Evolution-Ascended-Heroes	243	243	["data/Mega Evolution/Ascended Heroes/001.ts", "data/Mega Evolution/Ascended Heroes/002.ts", "data/Mega Evolution/Ascended Heroes/003.ts", "data/Mega Evolution/Ascended Heroes/004.ts", "data/Mega Evolution/Ascended Heroes/005.ts", "data/Mega Evolution/Ascended Heroes/006.ts", "data/Mega Evolution/Ascended Heroes/007.ts", "data/Mega Evolution/Ascended Heroes/008.ts", "data/Mega Evolution/Ascended Heroes/009.ts", "data/Mega Evolution/Ascended Heroes/010.ts", "data/Mega Evolution/Ascended Heroes/011.ts", "data/Mega Evolution/Ascended Heroes/012.ts", "data/Mega Evolution/Ascended Heroes/013.ts", "data/Mega Evolution/Ascended Heroes/014.ts", "data/Mega Evolution/Ascended Heroes/015.ts", "data/Mega Evolution/Ascended Heroes/016.ts", "data/Mega Evolution/Ascended Heroes/017.ts", "data/Mega Evolution/Ascended Heroes/018.ts", "data/Mega Evolution/Ascended Heroes/019.ts", "data/Mega Evolution/Ascended Heroes/020.ts", "data/Mega Evolution/Ascended Heroes/021.ts", "data/Mega Evolution/Ascended Heroes/022.ts", "data/Mega Evolution/Ascended Heroes/023.ts", "data/Mega Evolution/Ascended Heroes/024.ts", "data/Mega Evolution/Ascended Heroes/025.ts", "data/Mega Evolution/Ascended Heroes/026.ts", "data/Mega Evolution/Ascended Heroes/027.ts", "data/Mega Evolution/Ascended Heroes/028.ts", "data/Mega Evolution/Ascended Heroes/029.ts", "data/Mega Evolution/Ascended Heroes/030.ts", "data/Mega Evolution/Ascended Heroes/031.ts", "data/Mega Evolution/Ascended Heroes/032.ts", "data/Mega Evolution/Ascended Heroes/033.ts", "data/Mega Evolution/Ascended Heroes/034.ts", "data/Mega Evolution/Ascended Heroes/035.ts", "data/Mega Evolution/Ascended Heroes/036.ts", "data/Mega Evolution/Ascended Heroes/037.ts", "data/Mega Evolution/Ascended Heroes/038.ts", "data/Mega Evolution/Ascended Heroes/039.ts", "data/Mega Evolution/Ascended Heroes/040.ts", "data/Mega Evolution/Ascended Heroes/041.ts", "data/Mega Evolution/Ascended Heroes/042.ts", "data/Mega Evolution/Ascended Heroes/043.ts", "data/Mega Evolution/Ascended Heroes/044.ts", "data/Mega Evolution/Ascended Heroes/045.ts", "data/Mega Evolution/Ascended Heroes/046.ts", "data/Mega Evolution/Ascended Heroes/047.ts", "data/Mega Evolution/Ascended Heroes/048.ts", "data/Mega Evolution/Ascended Heroes/049.ts", "data/Mega Evolution/Ascended Heroes/050.ts", "data/Mega Evolution/Ascended Heroes/051.ts", "data/Mega Evolution/Ascended Heroes/052.ts", "data/Mega Evolution/Ascended Heroes/053.ts", "data/Mega Evolution/Ascended Heroes/054.ts", "data/Mega Evolution/Ascended Heroes/055.ts", "data/Mega Evolution/Ascended Heroes/056.ts", "data/Mega Evolution/Ascended Heroes/057.ts", "data/Mega Evolution/Ascended Heroes/058.ts", "data/Mega Evolution/Ascended Heroes/059.ts", "data/Mega Evolution/Ascended Heroes/060.ts", "data/Mega Evolution/Ascended Heroes/061.ts", "data/Mega Evolution/Ascended Heroes/062.ts", "data/Mega Evolution/Ascended Heroes/063.ts", "data/Mega Evolution/Ascended Heroes/064.ts", "data/Mega Evolution/Ascended Heroes/065.ts", "data/Mega Evolution/Ascended Heroes/066.ts", "data/Mega Evolution/Ascended Heroes/067.ts", "data/Mega Evolution/Ascended Heroes/068.ts", "data/Mega Evolution/Ascended Heroes/069.ts", "data/Mega Evolution/Ascended Heroes/070.ts", "data/Mega Evolution/Ascended Heroes/071.ts", "data/Mega Evolution/Ascended Heroes/072.ts", "data/Mega Evolution/Ascended Heroes/073.ts", "data/Mega Evolution/Ascended Heroes/074.ts", "data/Mega Evolution/Ascended Heroes/075.ts", "data/Mega Evolution/Ascended Heroes/076.ts", "data/Mega Evolution/Ascended Heroes/077.ts", "data/Mega Evolution/Ascended Heroes/078.ts", "data/Mega Evolution/Ascended Heroes/079.ts", "data/Mega Evolution/Ascended Heroes/080.ts", "data/Mega Evolution/Ascended Heroes/081.ts", "data/Mega Evolution/Ascended Heroes/082.ts", "data/Mega Evolution/Ascended Heroes/083.ts", "data/Mega Evolution/Ascended Heroes/084.ts", "data/Mega Evolution/Ascended Heroes/085.ts", "data/Mega Evolution/Ascended Heroes/086.ts", "data/Mega Evolution/Ascended Heroes/087.ts", "data/Mega Evolution/Ascended Heroes/088.ts", "data/Mega Evolution/Ascended Heroes/089.ts", "data/Mega Evolution/Ascended Heroes/090.ts", "data/Mega Evolution/Ascended Heroes/091.ts", "data/Mega Evolution/Ascended Heroes/092.ts", "data/Mega Evolution/Ascended Heroes/093.ts", "data/Mega Evolution/Ascended Heroes/094.ts", "data/Mega Evolution/Ascended Heroes/095.ts", "data/Mega Evolution/Ascended Heroes/096.ts", "data/Mega Evolution/Ascended Heroes/097.ts", "data/Mega Evolution/Ascended Heroes/098.ts", "data/Mega Evolution/Ascended Heroes/099.ts", "data/Mega Evolution/Ascended Heroes/100.ts", "data/Mega Evolution/Ascended Heroes/101.ts", "data/Mega Evolution/Ascended Heroes/102.ts", "data/Mega Evolution/Ascended Heroes/103.ts", "data/Mega Evolution/Ascended Heroes/104.ts", "data/Mega Evolution/Ascended Heroes/105.ts", "data/Mega Evolution/Ascended Heroes/106.ts", "data/Mega Evolution/Ascended Heroes/107.ts", "data/Mega Evolution/Ascended Heroes/108.ts", "data/Mega Evolution/Ascended Heroes/109.ts", "data/Mega Evolution/Ascended Heroes/110.ts", "data/Mega Evolution/Ascended Heroes/111.ts", "data/Mega Evolution/Ascended Heroes/112.ts", "data/Mega Evolution/Ascended Heroes/113.ts", "data/Mega Evolution/Ascended Heroes/114.ts", "data/Mega Evolution/Ascended Heroes/115.ts", "data/Mega Evolution/Ascended Heroes/116.ts", "data/Mega Evolution/Ascended Heroes/117.ts", "data/Mega Evolution/Ascended Heroes/118.ts", "data/Mega Evolution/Ascended Heroes/119.ts", "data/Mega Evolution/Ascended Heroes/120.ts", "data/Mega Evolution/Ascended Heroes/121.ts", "data/Mega Evolution/Ascended Heroes/122.ts", "data/Mega Evolution/Ascended Heroes/123.ts", "data/Mega Evolution/Ascended Heroes/124.ts", "data/Mega Evolution/Ascended Heroes/125.ts", "data/Mega Evolution/Ascended Heroes/126.ts", "data/Mega Evolution/Ascended Heroes/127.ts", "data/Mega Evolution/Ascended Heroes/128.ts", "data/Mega Evolution/Ascended Heroes/129.ts", "data/Mega Evolution/Ascended Heroes/130.ts", "data/Mega Evolution/Ascended Heroes/131.ts", "data/Mega Evolution/Ascended Heroes/132.ts", "data/Mega Evolution/Ascended Heroes/133.ts", "data/Mega Evolution/Ascended Heroes/134.ts", "data/Mega Evolution/Ascended Heroes/135.ts", "data/Mega Evolution/Ascended Heroes/136.ts", "data/Mega Evolution/Ascended Heroes/137.ts", "data/Mega Evolution/Ascended Heroes/138.ts", "data/Mega Evolution/Ascended Heroes/139.ts", "data/Mega Evolution/Ascended Heroes/140.ts", "data/Mega Evolution/Ascended Heroes/141.ts", "data/Mega Evolution/Ascended Heroes/142.ts", "data/Mega Evolution/Ascended Heroes/143.ts", "data/Mega Evolution/Ascended Heroes/144.ts", "data/Mega Evolution/Ascended Heroes/145.ts", "data/Mega Evolution/Ascended Heroes/146.ts", "data/Mega Evolution/Ascended Heroes/147.ts", "data/Mega Evolution/Ascended Heroes/148.ts", "data/Mega Evolution/Ascended Heroes/149.ts", "data/Mega Evolution/Ascended Heroes/150.ts", "data/Mega Evolution/Ascended Heroes/151.ts", "data/Mega Evolution/Ascended Heroes/152.ts", "data/Mega Evolution/Ascended Heroes/153.ts", "data/Mega Evolution/Ascended Heroes/154.ts", "data/Mega Evolution/Ascended Heroes/155.ts", "data/Mega Evolution/Ascended Heroes/156.ts", "data/Mega Evolution/Ascended Heroes/157.ts", "data/Mega Evolution/Ascended Heroes/158.ts", "data/Mega Evolution/Ascended Heroes/159.ts", "data/Mega Evolution/Ascended Heroes/160.ts", "data/Mega Evolution/Ascended Heroes/161.ts", "data/Mega Evolution/Ascended Heroes/162.ts", "data/Mega Evolution/Ascended Heroes/163.ts", "data/Mega Evolution/Ascended Heroes/164.ts", "data/Mega Evolution/Ascended Heroes/165.ts", "data/Mega Evolution/Ascended Heroes/166.ts", "data/Mega Evolution/Ascended Heroes/167.ts", "data/Mega Evolution/Ascended Heroes/168.ts", "data/Mega Evolution/Ascended Heroes/169.ts", "data/Mega Evolution/Ascended Heroes/170.ts", "data/Mega Evolution/Ascended Heroes/171.ts", "data/Mega Evolution/Ascended Heroes/172.ts", "data/Mega Evolution/Ascended Heroes/173.ts", "data/Mega Evolution/Ascended Heroes/174.ts", "data/Mega Evolution/Ascended Heroes/175.ts", "data/Mega Evolution/Ascended Heroes/176.ts", "data/Mega Evolution/Ascended Heroes/177.ts", "data/Mega Evolution/Ascended Heroes/178.ts", "data/Mega Evolution/Ascended Heroes/179.ts", "data/Mega Evolution/Ascended Heroes/218.ts", "data/Mega Evolution/Ascended Heroes/219.ts", "data/Mega Evolution/Ascended Heroes/220.ts", "data/Mega Evolution/Ascended Heroes/221.ts", "data/Mega Evolution/Ascended Heroes/222.ts", "data/Mega Evolution/Ascended Heroes/223.ts", "data/Mega Evolution/Ascended Heroes/224.ts", "data/Mega Evolution/Ascended Heroes/225.ts", "data/Mega Evolution/Ascended Heroes/226.ts", "data/Mega Evolution/Ascended Heroes/227.ts", "data/Mega Evolution/Ascended Heroes/228.ts", "data/Mega Evolution/Ascended Heroes/229.ts", "data/Mega Evolution/Ascended Heroes/230.ts", "data/Mega Evolution/Ascended Heroes/231.ts", "data/Mega Evolution/Ascended Heroes/232.ts", "data/Mega Evolution/Ascended Heroes/233.ts", "data/Mega Evolution/Ascended Heroes/234.ts", "data/Mega Evolution/Ascended Heroes/235.ts", "data/Mega Evolution/Ascended Heroes/236.ts", "data/Mega Evolution/Ascended Heroes/237.ts", "data/Mega Evolution/Ascended Heroes/238.ts", "data/Mega Evolution/Ascended Heroes/239.ts", "data/Mega Evolution/Ascended Heroes/240.ts", "data/Mega Evolution/Ascended Heroes/241.ts", "data/Mega Evolution/Ascended Heroes/242.ts", "data/Mega Evolution/Ascended Heroes/243.ts", "data/Mega Evolution/Ascended Heroes/244.ts", "data/Mega Evolution/Ascended Heroes/245.ts", "data/Mega Evolution/Ascended Heroes/246.ts", "data/Mega Evolution/Ascended Heroes/247.ts", "data/Mega Evolution/Ascended Heroes/248.ts", "data/Mega Evolution/Ascended Heroes/249.ts", "data/Mega Evolution/Ascended Heroes/250.ts", "data/Mega Evolution/Ascended Heroes/251.ts", "data/Mega Evolution/Ascended Heroes/252.ts", "data/Mega Evolution/Ascended Heroes/253.ts", "data/Mega Evolution/Ascended Heroes/265.ts", "data/Mega Evolution/Ascended Heroes/266.ts", "data/Mega Evolution/Ascended Heroes/267.ts", "data/Mega Evolution/Ascended Heroes/268.ts", "data/Mega Evolution/Ascended Heroes/269.ts", "data/Mega Evolution/Ascended Heroes/270.ts", "data/Mega Evolution/Ascended Heroes/271.ts", "data/Mega Evolution/Ascended Heroes/272.ts", "data/Mega Evolution/Ascended Heroes/273.ts", "data/Mega Evolution/Ascended Heroes/274.ts", "data/Mega Evolution/Ascended Heroes/275.ts", "data/Mega Evolution/Ascended Heroes/276.ts", "data/Mega Evolution/Ascended Heroes/277.ts", "data/Mega Evolution/Ascended Heroes/278.ts", "data/Mega Evolution/Ascended Heroes/279.ts", "data/Mega Evolution/Ascended Heroes/280.ts", "data/Mega Evolution/Ascended Heroes/281.ts", "data/Mega Evolution/Ascended Heroes/282.ts", "data/Mega Evolution/Ascended Heroes/283.ts", "data/Mega Evolution/Ascended Heroes/284.ts", "data/Mega Evolution/Ascended Heroes/285.ts", "data/Mega Evolution/Ascended Heroes/286.ts", "data/Mega Evolution/Ascended Heroes/287.ts", "data/Mega Evolution/Ascended Heroes/288.ts", "data/Mega Evolution/Ascended Heroes/289.ts", "data/Mega Evolution/Ascended Heroes/290.ts", "data/Mega Evolution/Ascended Heroes/294.ts", "data/Mega Evolution/Ascended Heroes/295.ts"]	me	me02.5	pending	
Mega Evolution	Chaos Rising	pr/Mega-Evolution-Chaos-Rising	0	1	["data/Mega Evolution/Chaos Rising.ts"]	me	me04	pending	
Mega Evolution	Eternals	pr/Mega-Evolution-Eternals	0	1	["data/Mega Evolution/Eternals.ts"]	me	me05	pending	
Mega Evolution	MEP Black Star Promos	pr/Mega-Evolution-MEP-Black-Star-Promos	49	49	["data/Mega Evolution/MEP Black Star Promos/001.ts", "data/Mega Evolution/MEP Black Star Promos/002.ts", "data/Mega Evolution/MEP Black Star Promos/003.ts", "data/Mega Evolution/MEP Black Star Promos/004.ts", "data/Mega Evolution/MEP Black Star Promos/005.ts", "data/Mega Evolution/MEP Black Star Promos/006.ts", "data/Mega Evolution/MEP Black Star Promos/007.ts", "data/Mega Evolution/MEP Black Star Promos/008.ts", "data/Mega Evolution/MEP Black Star Promos/009.ts", "data/Mega Evolution/MEP Black Star Promos/010.ts", "data/Mega Evolution/MEP Black Star Promos/011.ts", "data/Mega Evolution/MEP Black Star Promos/012.ts", "data/Mega Evolution/MEP Black Star Promos/013.ts", "data/Mega Evolution/MEP Black Star Promos/014.ts", "data/Mega Evolution/MEP Black Star Promos/015.ts", "data/Mega Evolution/MEP Black Star Promos/016.ts", "data/Mega Evolution/MEP Black Star Promos/017.ts", "data/Mega Evolution/MEP Black Star Promos/018.ts", "data/Mega Evolution/MEP Black Star Promos/019.ts", "data/Mega Evolution/MEP Black Star Promos/020.ts", "data/Mega Evolution/MEP Black Star Promos/021.ts", "data/Mega Evolution/MEP Black Star Promos/022.ts", "data/Mega Evolution/MEP Black Star Promos/023.ts", "data/Mega Evolution/MEP Black Star Promos/024.ts", "data/Mega Evolution/MEP Black Star Promos/025.ts", "data/Mega Evolution/MEP Black Star Promos/026.ts", "data/Mega Evolution/MEP Black Star Promos/027.ts", "data/Mega Evolution/MEP Black Star Promos/028.ts", "data/Mega Evolution/MEP Black Star Promos/029.ts", "data/Mega Evolution/MEP Black Star Promos/030.ts", "data/Mega Evolution/MEP Black Star Promos/031.ts", "data/Mega Evolution/MEP Black Star Promos/032.ts", "data/Mega Evolution/MEP Black Star Promos/033.ts", "data/Mega Evolution/MEP Black Star Promos/034.ts", "data/Mega Evolution/MEP Black Star Promos/035.ts", "data/Mega Evolution/MEP Black Star Promos/036.ts", "data/Mega Evolution/MEP Black Star Promos/037.ts", "data/Mega Evolution/MEP Black Star Promos/038.ts", "data/Mega Evolution/MEP Black Star Promos/039.ts", "data/Mega Evolution/MEP Black Star Promos/040.ts", "data/Mega Evolution/MEP Black Star Promos/041.ts", "data/Mega Evolution/MEP Black Star Promos/042.ts", "data/Mega Evolution/MEP Black Star Promos/043.ts", "data/Mega Evolution/MEP Black Star Promos/044.ts", "data/Mega Evolution/MEP Black Star Promos/045.ts", "data/Mega Evolution/MEP Black Star Promos/064.ts", "data/Mega Evolution/MEP Black Star Promos/068.ts", "data/Mega Evolution/MEP Black Star Promos/069.ts", "data/Mega Evolution/MEP Black Star Promos/070.ts"]	me	mep	pending	
Mega Evolution	Mega Evolution	pr/Mega-Evolution-Mega-Evolution	3	3	["data/Mega Evolution/Mega Evolution/113.ts", "data/Mega Evolution/Mega Evolution/165.ts", "data/Mega Evolution/Mega Evolution/183.ts"]	me	me01	pending	
Mega Evolution	Perfect Order	pr/Mega-Evolution-Perfect-Order	0	1	["data/Mega Evolution/Perfect Order.ts"]	me	me03	pending	
Mega Evolution	Phantasmal Flames	pr/Mega-Evolution-Phantasmal-Flames	3	3	["data/Mega Evolution/Phantasmal Flames/086.ts", "data/Mega Evolution/Phantasmal Flames/117.ts", "data/Mega Evolution/Phantasmal Flames/124.ts"]	me	me02	pending	
Mega Evolution	Radiant Ruby & Shining Sapphire	pr/Mega-Evolution-Radiant-Ruby-Shining-Sapphire	0	1	["data/Mega Evolution/Radiant Ruby & Shining Sapphire.ts"]	me	me04.5	pending	
Neo	Neo Destiny	pr/Neo-Neo-Destiny	5	5	["data/Neo/Neo Destiny/100.ts", "data/Neo/Neo Destiny/16.ts", "data/Neo/Neo Destiny/92.ts", "data/Neo/Neo Destiny/95.ts", "data/Neo/Neo Destiny/99.ts"]	neo	neo4	pending	
Neo	Neo Genesis	pr/Neo-Neo-Genesis	4	4	["data/Neo/Neo Genesis/104.ts", "data/Neo/Neo Genesis/105.ts", "data/Neo/Neo Genesis/19.ts", "data/Neo/Neo Genesis/84.ts"]	neo	neo1	pending	
Neo	Neo Revelation	pr/Neo-Neo-Revelation	2	2	["data/Neo/Neo Revelation/61.ts", "data/Neo/Neo Revelation/63.ts"]	neo	neo3	pending	
POP	Nintendo Black Star Promos	pr/POP-Nintendo-Black-Star-Promos	40	40	["data/POP/Nintendo Black Star Promos/1.ts", "data/POP/Nintendo Black Star Promos/10.ts", "data/POP/Nintendo Black Star Promos/11.ts", "data/POP/Nintendo Black Star Promos/12.ts", "data/POP/Nintendo Black Star Promos/13.ts", "data/POP/Nintendo Black Star Promos/14.ts", "data/POP/Nintendo Black Star Promos/15.ts", "data/POP/Nintendo Black Star Promos/16.ts", "data/POP/Nintendo Black Star Promos/17.ts", "data/POP/Nintendo Black Star Promos/18.ts", "data/POP/Nintendo Black Star Promos/19.ts", "data/POP/Nintendo Black Star Promos/2.ts", "data/POP/Nintendo Black Star Promos/20.ts", "data/POP/Nintendo Black Star Promos/21.ts", "data/POP/Nintendo Black Star Promos/22.ts", "data/POP/Nintendo Black Star Promos/23.ts", "data/POP/Nintendo Black Star Promos/24.ts", "data/POP/Nintendo Black Star Promos/25.ts", "data/POP/Nintendo Black Star Promos/26.ts", "data/POP/Nintendo Black Star Promos/27.ts", "data/POP/Nintendo Black Star Promos/28.ts", "data/POP/Nintendo Black Star Promos/29.ts", "data/POP/Nintendo Black Star Promos/3.ts", "data/POP/Nintendo Black Star Promos/30.ts", "data/POP/Nintendo Black Star Promos/31.ts", "data/POP/Nintendo Black Star Promos/32.ts", "data/POP/Nintendo Black Star Promos/33.ts", "data/POP/Nintendo Black Star Promos/34.ts", "data/POP/Nintendo Black Star Promos/35.ts", "data/POP/Nintendo Black Star Promos/36.ts", "data/POP/Nintendo Black Star Promos/37.ts", "data/POP/Nintendo Black Star Promos/38.ts", "data/POP/Nintendo Black Star Promos/39.ts", "data/POP/Nintendo Black Star Promos/4.ts", "data/POP/Nintendo Black Star Promos/40.ts", "data/POP/Nintendo Black Star Promos/5.ts", "data/POP/Nintendo Black Star Promos/6.ts", "data/POP/Nintendo Black Star Promos/7.ts", "data/POP/Nintendo Black Star Promos/8.ts", "data/POP/Nintendo Black Star Promos/9.ts"]	pop	np	pending	
POP	POP Series 2	pr/POP-POP-Series-2	3	3	["data/POP/POP Series 2/10.ts", "data/POP/POP Series 2/11.ts", "data/POP/POP Series 2/8.ts"]	pop	pop2	pending	
POP	POP Series 3	pr/POP-POP-Series-3	2	2	["data/POP/POP Series 3/10.ts", "data/POP/POP Series 3/11.ts"]	pop	pop3	pending	
POP	POP Series 4	pr/POP-POP-Series-4	1	1	["data/POP/POP Series 4/9.ts"]	pop	pop4	pending	
POP	POP Series 5	pr/POP-POP-Series-5	0	1	["data/POP/POP Series 5.ts"]	pop	pop5	pending	
Platinum	Platinum	pr/Platinum-Platinum	5	5	["data/Platinum/Platinum/105.ts", "data/Platinum/Platinum/109.ts", "data/Platinum/Platinum/111.ts", "data/Platinum/Platinum/119.ts", "data/Platinum/Platinum/120.ts"]	pl	pl1	pending	
Platinum	Rising Rivals	pr/Platinum-Rising-Rivals	11	11	["data/Platinum/Rising Rivals/88.ts", "data/Platinum/Rising Rivals/89.ts", "data/Platinum/Rising Rivals/90.ts", "data/Platinum/Rising Rivals/91.ts", "data/Platinum/Rising Rivals/92.ts", "data/Platinum/Rising Rivals/93.ts", "data/Platinum/Rising Rivals/94.ts", "data/Platinum/Rising Rivals/95.ts", "data/Platinum/Rising Rivals/97.ts", "data/Platinum/Rising Rivals/98.ts", "data/Platinum/Rising Rivals/RT6.ts"]	pl	pl2	pending	
Platinum	Supreme Victors	pr/Platinum-Supreme-Victors	5	5	["data/Platinum/Supreme Victors/134.ts", "data/Platinum/Supreme Victors/135.ts", "data/Platinum/Supreme Victors/136.ts", "data/Platinum/Supreme Victors/137.ts", "data/Platinum/Supreme Victors/139.ts"]	pl	pl3	pending	
Pokémon TCG Pocket	Genetic Apex	pr/Pok-mon-TCG-Pocket-Genetic-Apex	106	106	["data/Pokémon TCG Pocket/Genetic Apex/002.ts", "data/Pokémon TCG Pocket/Genetic Apex/003.ts", "data/Pokémon TCG Pocket/Genetic Apex/006.ts", "data/Pokémon TCG Pocket/Genetic Apex/007.ts", "data/Pokémon TCG Pocket/Genetic Apex/009.ts", "data/Pokémon TCG Pocket/Genetic Apex/010.ts", "data/Pokémon TCG Pocket/Genetic Apex/012.ts", "data/Pokémon TCG Pocket/Genetic Apex/013.ts", "data/Pokémon TCG Pocket/Genetic Apex/015.ts", "data/Pokémon TCG Pocket/Genetic Apex/017.ts", "data/Pokémon TCG Pocket/Genetic Apex/019.ts", "data/Pokémon TCG Pocket/Genetic Apex/020.ts", "data/Pokémon TCG Pocket/Genetic Apex/022.ts", "data/Pokémon TCG Pocket/Genetic Apex/028.ts", "data/Pokémon TCG Pocket/Genetic Apex/030.ts", "data/Pokémon TCG Pocket/Genetic Apex/032.ts", "data/Pokémon TCG Pocket/Genetic Apex/034.ts", "data/Pokémon TCG Pocket/Genetic Apex/035.ts", "data/Pokémon TCG Pocket/Genetic Apex/038.ts", "data/Pokémon TCG Pocket/Genetic Apex/040.ts", "data/Pokémon TCG Pocket/Genetic Apex/043.ts", "data/Pokémon TCG Pocket/Genetic Apex/045.ts", "data/Pokémon TCG Pocket/Genetic Apex/050.ts", "data/Pokémon TCG Pocket/Genetic Apex/052.ts", "data/Pokémon TCG Pocket/Genetic Apex/054.ts", "data/Pokémon TCG Pocket/Genetic Apex/055.ts", "data/Pokémon TCG Pocket/Genetic Apex/058.ts", "data/Pokémon TCG Pocket/Genetic Apex/060.ts", "data/Pokémon TCG Pocket/Genetic Apex/061.ts", "data/Pokémon TCG Pocket/Genetic Apex/063.ts", "data/Pokémon TCG Pocket/Genetic Apex/065.ts", "data/Pokémon TCG Pocket/Genetic Apex/067.ts", "data/Pokémon TCG Pocket/Genetic Apex/069.ts", "data/Pokémon TCG Pocket/Genetic Apex/071.ts", "data/Pokémon TCG Pocket/Genetic Apex/073.ts", "data/Pokémon TCG Pocket/Genetic Apex/075.ts", "data/Pokémon TCG Pocket/Genetic Apex/078.ts", "data/Pokémon TCG Pocket/Genetic Apex/080.ts", "data/Pokémon TCG Pocket/Genetic Apex/081.ts", "data/Pokémon TCG Pocket/Genetic Apex/082.ts", "data/Pokémon TCG Pocket/Genetic Apex/086.ts", "data/Pokémon TCG Pocket/Genetic Apex/088.ts", "data/Pokémon TCG Pocket/Genetic Apex/089.ts", "data/Pokémon TCG Pocket/Genetic Apex/093.ts", "data/Pokémon TCG Pocket/Genetic Apex/095.ts", "data/Pokémon TCG Pocket/Genetic Apex/098.ts", "data/Pokémon TCG Pocket/Genetic Apex/100.ts", "data/Pokémon TCG Pocket/Genetic Apex/102.ts", "data/Pokémon TCG Pocket/Genetic Apex/106.ts", "data/Pokémon TCG Pocket/Genetic Apex/108.ts", "data/Pokémon TCG Pocket/Genetic Apex/109.ts", "data/Pokémon TCG Pocket/Genetic Apex/111.ts", "data/Pokémon TCG Pocket/Genetic Apex/114.ts", "data/Pokémon TCG Pocket/Genetic Apex/119.ts", "data/Pokémon TCG Pocket/Genetic Apex/121.ts", "data/Pokémon TCG Pocket/Genetic Apex/122.ts", "data/Pokémon TCG Pocket/Genetic Apex/125.ts", "data/Pokémon TCG Pocket/Genetic Apex/131.ts", "data/Pokémon TCG Pocket/Genetic Apex/132.ts", "data/Pokémon TCG Pocket/Genetic Apex/134.ts", "data/Pokémon TCG Pocket/Genetic Apex/136.ts", "data/Pokémon TCG Pocket/Genetic Apex/138.ts", "data/Pokémon TCG Pocket/Genetic Apex/140.ts", "data/Pokémon TCG Pocket/Genetic Apex/142.ts", "data/Pokémon TCG Pocket/Genetic Apex/144.ts", "data/Pokémon TCG Pocket/Genetic Apex/145.ts", "data/Pokémon TCG Pocket/Genetic Apex/148.ts", "data/Pokémon TCG Pocket/Genetic Apex/149.ts", "data/Pokémon TCG Pocket/Genetic Apex/152.ts", "data/Pokémon TCG Pocket/Genetic Apex/157.ts", "data/Pokémon TCG Pocket/Genetic Apex/158.ts", "data/Pokémon TCG Pocket/Genetic Apex/159.ts", "data/Pokémon TCG Pocket/Genetic Apex/161.ts", "data/Pokémon TCG Pocket/Genetic Apex/163.ts", "data/Pokémon TCG Pocket/Genetic Apex/165.ts", "data/Pokémon TCG Pocket/Genetic Apex/167.ts", "data/Pokémon TCG Pocket/Genetic Apex/168.ts", "data/Pokémon TCG Pocket/Genetic Apex/170.ts", "data/Pokémon TCG Pocket/Genetic Apex/171.ts", "data/Pokémon TCG Pocket/Genetic Apex/173.ts", "data/Pokémon TCG Pocket/Genetic Apex/175.ts", "data/Pokémon TCG Pocket/Genetic Apex/177.ts", "data/Pokémon TCG Pocket/Genetic Apex/180.ts", "data/Pokémon TCG Pocket/Genetic Apex/182.ts", "data/Pokémon TCG Pocket/Genetic Apex/184.ts", "data/Pokémon TCG Pocket/Genetic Apex/185.ts", "data/Pokémon TCG Pocket/Genetic Apex/187.ts", "data/Pokémon TCG Pocket/Genetic Apex/188.ts", "data/Pokémon TCG Pocket/Genetic Apex/190.ts", "data/Pokémon TCG Pocket/Genetic Apex/192.ts", "data/Pokémon TCG Pocket/Genetic Apex/194.ts", "data/Pokémon TCG Pocket/Genetic Apex/197.ts", "data/Pokémon TCG Pocket/Genetic Apex/200.ts", "data/Pokémon TCG Pocket/Genetic Apex/210.ts", "data/Pokémon TCG Pocket/Genetic Apex/213.ts", "data/Pokémon TCG Pocket/Genetic Apex/215.ts", "data/Pokémon TCG Pocket/Genetic Apex/228.ts", "data/Pokémon TCG Pocket/Genetic Apex/231.ts", "data/Pokémon TCG Pocket/Genetic Apex/233.ts", "data/Pokémon TCG Pocket/Genetic Apex/235.ts", "data/Pokémon TCG Pocket/Genetic Apex/240.ts", "data/Pokémon TCG Pocket/Genetic Apex/241.ts", "data/Pokémon TCG Pocket/Genetic Apex/242.ts", "data/Pokémon TCG Pocket/Genetic Apex/243.ts", "data/Pokémon TCG Pocket/Genetic Apex/244.ts", "data/Pokémon TCG Pocket/Genetic Apex/245.ts"]	tcgp	A1	pending	
Scarlet & Violet	151	pr/Scarlet-Violet-151	3	3	["data/Scarlet & Violet/151/152.ts", "data/Scarlet & Violet/151/153.ts", "data/Scarlet & Violet/151/154.ts"]	sv	sv03.5	pending	
Scarlet & Violet	Black Bolt	pr/Scarlet-Violet-Black-Bolt	2	2	["data/Scarlet & Violet/Black Bolt/080.ts", "data/Scarlet & Violet/Black Bolt/086.ts"]	sv	sv10.5b	pending	
Scarlet & Violet	Destined Rivals	pr/Scarlet-Violet-Destined-Rivals	5	5	["data/Scarlet & Violet/Destined Rivals/170.ts", "data/Scarlet & Violet/Destined Rivals/177.ts", "data/Scarlet & Violet/Destined Rivals/182.ts", "data/Scarlet & Violet/Destined Rivals/223.ts", "data/Scarlet & Violet/Destined Rivals/227.ts"]	sv	sv10	pending	
Scarlet & Violet	Journey Together	pr/Scarlet-Violet-Journey-Together	2	2	["data/Scarlet & Violet/Journey Together/149.ts", "data/Scarlet & Violet/Journey Together/180.ts"]	sv	sv09	pending	
Scarlet & Violet	Paldea Evolved	pr/Scarlet-Violet-Paldea-Evolved	3	3	["data/Scarlet & Violet/Paldea Evolved/189.ts", "data/Scarlet & Violet/Paldea Evolved/192.ts", "data/Scarlet & Violet/Paldea Evolved/277.ts"]	sv	sv02	pending	
Scarlet & Violet	Paldean Fates	pr/Scarlet-Violet-Paldean-Fates	1	1	["data/Scarlet & Violet/Paldean Fates/091.ts"]	sv	sv04.5	pending	
Scarlet & Violet	Paradox Rift	pr/Scarlet-Violet-Paradox-Rift	4	4	["data/Scarlet & Violet/Paradox Rift/160.ts", "data/Scarlet & Violet/Paradox Rift/180.ts", "data/Scarlet & Violet/Paradox Rift/264.ts", "data/Scarlet & Violet/Paradox Rift/266.ts"]	sv	sv04	pending	
Scarlet & Violet	Prismatic Evolutions	pr/Scarlet-Violet-Prismatic-Evolutions	11	11	["data/Scarlet & Violet/Prismatic Evolutions/094.ts", "data/Scarlet & Violet/Prismatic Evolutions/100.ts", "data/Scarlet & Violet/Prismatic Evolutions/103.ts", "data/Scarlet & Violet/Prismatic Evolutions/106.ts", "data/Scarlet & Violet/Prismatic Evolutions/110.ts", "data/Scarlet & Violet/Prismatic Evolutions/113.ts", "data/Scarlet & Violet/Prismatic Evolutions/130.ts", "data/Scarlet & Violet/Prismatic Evolutions/133.ts", "data/Scarlet & Violet/Prismatic Evolutions/134.ts", "data/Scarlet & Violet/Prismatic Evolutions/140.ts", "data/Scarlet & Violet/Prismatic Evolutions/174.ts"]	sv	sv08.5	pending	
Scarlet & Violet	SVP Black Star Promos	pr/Scarlet-Violet-SVP-Black-Star-Promos	226	226	["data/Scarlet & Violet/SVP Black Star Promos/001.ts", "data/Scarlet & Violet/SVP Black Star Promos/002.ts", "data/Scarlet & Violet/SVP Black Star Promos/003.ts", "data/Scarlet & Violet/SVP Black Star Promos/004.ts", "data/Scarlet & Violet/SVP Black Star Promos/005.ts", "data/Scarlet & Violet/SVP Black Star Promos/006.ts", "data/Scarlet & Violet/SVP Black Star Promos/007.ts", "data/Scarlet & Violet/SVP Black Star Promos/008.ts", "data/Scarlet & Violet/SVP Black Star Promos/009.ts", "data/Scarlet & Violet/SVP Black Star Promos/010.ts", "data/Scarlet & Violet/SVP Black Star Promos/011.ts", "data/Scarlet & Violet/SVP Black Star Promos/012.ts", "data/Scarlet & Violet/SVP Black Star Promos/013.ts", "data/Scarlet & Violet/SVP Black Star Promos/014.ts", "data/Scarlet & Violet/SVP Black Star Promos/015.ts", "data/Scarlet & Violet/SVP Black Star Promos/016.ts", "data/Scarlet & Violet/SVP Black Star Promos/017.ts", "data/Scarlet & Violet/SVP Black Star Promos/018.ts", "data/Scarlet & Violet/SVP Black Star Promos/019.ts", "data/Scarlet & Violet/SVP Black Star Promos/020.ts", "data/Scarlet & Violet/SVP Black Star Promos/021.ts", "data/Scarlet & Violet/SVP Black Star Promos/022.ts", "data/Scarlet & Violet/SVP Black Star Promos/023.ts", "data/Scarlet & Violet/SVP Black Star Promos/024.ts", "data/Scarlet & Violet/SVP Black Star Promos/025.ts", "data/Scarlet & Violet/SVP Black Star Promos/026.ts", "data/Scarlet & Violet/SVP Black Star Promos/027.ts", "data/Scarlet & Violet/SVP Black Star Promos/028.ts", "data/Scarlet & Violet/SVP Black Star Promos/029.ts", "data/Scarlet & Violet/SVP Black Star Promos/030.ts", "data/Scarlet & Violet/SVP Black Star Promos/031.ts", "data/Scarlet & Violet/SVP Black Star Promos/032.ts", "data/Scarlet & Violet/SVP Black Star Promos/033.ts", "data/Scarlet & Violet/SVP Black Star Promos/034.ts", "data/Scarlet & Violet/SVP Black Star Promos/035.ts", "data/Scarlet & Violet/SVP Black Star Promos/036.ts", "data/Scarlet & Violet/SVP Black Star Promos/037.ts", "data/Scarlet & Violet/SVP Black Star Promos/038.ts", "data/Scarlet & Violet/SVP Black Star Promos/039.ts", "data/Scarlet & Violet/SVP Black Star Promos/040.ts", "data/Scarlet & Violet/SVP Black Star Promos/041.ts", "data/Scarlet & Violet/SVP Black Star Promos/042.ts", "data/Scarlet & Violet/SVP Black Star Promos/043.ts", "data/Scarlet & Violet/SVP Black Star Promos/044.ts", "data/Scarlet & Violet/SVP Black Star Promos/045.ts", "data/Scarlet & Violet/SVP Black Star Promos/046.ts", "data/Scarlet & Violet/SVP Black Star Promos/047.ts", "data/Scarlet & Violet/SVP Black Star Promos/048.ts", "data/Scarlet & Violet/SVP Black Star Promos/049.ts", "data/Scarlet & Violet/SVP Black Star Promos/050.ts", "data/Scarlet & Violet/SVP Black Star Promos/051.ts", "data/Scarlet & Violet/SVP Black Star Promos/052.ts", "data/Scarlet & Violet/SVP Black Star Promos/053.ts", "data/Scarlet & Violet/SVP Black Star Promos/054.ts", "data/Scarlet & Violet/SVP Black Star Promos/055.ts", "data/Scarlet & Violet/SVP Black Star Promos/056.ts", "data/Scarlet & Violet/SVP Black Star Promos/057.ts", "data/Scarlet & Violet/SVP Black Star Promos/058.ts", "data/Scarlet & Violet/SVP Black Star Promos/059.ts", "data/Scarlet & Violet/SVP Black Star Promos/060.ts", "data/Scarlet & Violet/SVP Black Star Promos/061.ts", "data/Scarlet & Violet/SVP Black Star Promos/062.ts", "data/Scarlet & Violet/SVP Black Star Promos/063.ts", "data/Scarlet & Violet/SVP Black Star Promos/064.ts", "data/Scarlet & Violet/SVP Black Star Promos/065.ts", "data/Scarlet & Violet/SVP Black Star Promos/066.ts", "data/Scarlet & Violet/SVP Black Star Promos/067.ts", "data/Scarlet & Violet/SVP Black Star Promos/068.ts", "data/Scarlet & Violet/SVP Black Star Promos/069.ts", "data/Scarlet & Violet/SVP Black Star Promos/070.ts", "data/Scarlet & Violet/SVP Black Star Promos/071.ts", "data/Scarlet & Violet/SVP Black Star Promos/072.ts", "data/Scarlet & Violet/SVP Black Star Promos/073.ts", "data/Scarlet & Violet/SVP Black Star Promos/074.ts", "data/Scarlet & Violet/SVP Black Star Promos/075.ts", "data/Scarlet & Violet/SVP Black Star Promos/076.ts", "data/Scarlet & Violet/SVP Black Star Promos/077.ts", "data/Scarlet & Violet/SVP Black Star Promos/078.ts", "data/Scarlet & Violet/SVP Black Star Promos/079.ts", "data/Scarlet & Violet/SVP Black Star Promos/080.ts", "data/Scarlet & Violet/SVP Black Star Promos/081.ts", "data/Scarlet & Violet/SVP Black Star Promos/082.ts", "data/Scarlet & Violet/SVP Black Star Promos/083.ts", "data/Scarlet & Violet/SVP Black Star Promos/084.ts", "data/Scarlet & Violet/SVP Black Star Promos/085.ts", "data/Scarlet & Violet/SVP Black Star Promos/086.ts", "data/Scarlet & Violet/SVP Black Star Promos/087.ts", "data/Scarlet & Violet/SVP Black Star Promos/088.ts", "data/Scarlet & Violet/SVP Black Star Promos/089.ts", "data/Scarlet & Violet/SVP Black Star Promos/090.ts", "data/Scarlet & Violet/SVP Black Star Promos/091.ts", "data/Scarlet & Violet/SVP Black Star Promos/092.ts", "data/Scarlet & Violet/SVP Black Star Promos/093.ts", "data/Scarlet & Violet/SVP Black Star Promos/094.ts", "data/Scarlet & Violet/SVP Black Star Promos/095.ts", "data/Scarlet & Violet/SVP Black Star Promos/096.ts", "data/Scarlet & Violet/SVP Black Star Promos/097.ts", "data/Scarlet & Violet/SVP Black Star Promos/098.ts", "data/Scarlet & Violet/SVP Black Star Promos/099.ts", "data/Scarlet & Violet/SVP Black Star Promos/100.ts", "data/Scarlet & Violet/SVP Black Star Promos/101.ts", "data/Scarlet & Violet/SVP Black Star Promos/102.ts", "data/Scarlet & Violet/SVP Black Star Promos/103.ts", "data/Scarlet & Violet/SVP Black Star Promos/104.ts", "data/Scarlet & Violet/SVP Black Star Promos/105.ts", "data/Scarlet & Violet/SVP Black Star Promos/106.ts", "data/Scarlet & Violet/SVP Black Star Promos/107.ts", "data/Scarlet & Violet/SVP Black Star Promos/108.ts", "data/Scarlet & Violet/SVP Black Star Promos/109.ts", "data/Scarlet & Violet/SVP Black Star Promos/110.ts", "data/Scarlet & Violet/SVP Black Star Promos/111.ts", "data/Scarlet & Violet/SVP Black Star Promos/112.ts", "data/Scarlet & Violet/SVP Black Star Promos/113.ts", "data/Scarlet & Violet/SVP Black Star Promos/114.ts", "data/Scarlet & Violet/SVP Black Star Promos/115.ts", "data/Scarlet & Violet/SVP Black Star Promos/116.ts", "data/Scarlet & Violet/SVP Black Star Promos/117.ts", "data/Scarlet & Violet/SVP Black Star Promos/118.ts", "data/Scarlet & Violet/SVP Black Star Promos/119.ts", "data/Scarlet & Violet/SVP Black Star Promos/120.ts", "data/Scarlet & Violet/SVP Black Star Promos/121.ts", "data/Scarlet & Violet/SVP Black Star Promos/122.ts", "data/Scarlet & Violet/SVP Black Star Promos/123.ts", "data/Scarlet & Violet/SVP Black Star Promos/124.ts", "data/Scarlet & Violet/SVP Black Star Promos/125.ts", "data/Scarlet & Violet/SVP Black Star Promos/126.ts", "data/Scarlet & Violet/SVP Black Star Promos/127.ts", "data/Scarlet & Violet/SVP Black Star Promos/128.ts", "data/Scarlet & Violet/SVP Black Star Promos/129.ts", "data/Scarlet & Violet/SVP Black Star Promos/130.ts", "data/Scarlet & Violet/SVP Black Star Promos/131.ts", "data/Scarlet & Violet/SVP Black Star Promos/132.ts", "data/Scarlet & Violet/SVP Black Star Promos/133.ts", "data/Scarlet & Violet/SVP Black Star Promos/134.ts", "data/Scarlet & Violet/SVP Black Star Promos/135.ts", "data/Scarlet & Violet/SVP Black Star Promos/136.ts", "data/Scarlet & Violet/SVP Black Star Promos/137.ts", "data/Scarlet & Violet/SVP Black Star Promos/138.ts", "data/Scarlet & Violet/SVP Black Star Promos/139.ts", "data/Scarlet & Violet/SVP Black Star Promos/140.ts", "data/Scarlet & Violet/SVP Black Star Promos/141.ts", "data/Scarlet & Violet/SVP Black Star Promos/142.ts", "data/Scarlet & Violet/SVP Black Star Promos/143.ts", "data/Scarlet & Violet/SVP Black Star Promos/144.ts", "data/Scarlet & Violet/SVP Black Star Promos/145.ts", "data/Scarlet & Violet/SVP Black Star Promos/146.ts", "data/Scarlet & Violet/SVP Black Star Promos/147.ts", "data/Scarlet & Violet/SVP Black Star Promos/148.ts", "data/Scarlet & Violet/SVP Black Star Promos/149.ts", "data/Scarlet & Violet/SVP Black Star Promos/150.ts", "data/Scarlet & Violet/SVP Black Star Promos/151.ts", "data/Scarlet & Violet/SVP Black Star Promos/152.ts", "data/Scarlet & Violet/SVP Black Star Promos/153.ts", "data/Scarlet & Violet/SVP Black Star Promos/154.ts", "data/Scarlet & Violet/SVP Black Star Promos/155.ts", "data/Scarlet & Violet/SVP Black Star Promos/156.ts", "data/Scarlet & Violet/SVP Black Star Promos/157.ts", "data/Scarlet & Violet/SVP Black Star Promos/158.ts", "data/Scarlet & Violet/SVP Black Star Promos/159.ts", "data/Scarlet & Violet/SVP Black Star Promos/160.ts", "data/Scarlet & Violet/SVP Black Star Promos/161.ts", "data/Scarlet & Violet/SVP Black Star Promos/162.ts", "data/Scarlet & Violet/SVP Black Star Promos/163.ts", "data/Scarlet & Violet/SVP Black Star Promos/164.ts", "data/Scarlet & Violet/SVP Black Star Promos/165.ts", "data/Scarlet & Violet/SVP Black Star Promos/166.ts", "data/Scarlet & Violet/SVP Black Star Promos/167.ts", "data/Scarlet & Violet/SVP Black Star Promos/168.ts", "data/Scarlet & Violet/SVP Black Star Promos/169.ts", "data/Scarlet & Violet/SVP Black Star Promos/170.ts", "data/Scarlet & Violet/SVP Black Star Promos/171.ts", "data/Scarlet & Violet/SVP Black Star Promos/172.ts", "data/Scarlet & Violet/SVP Black Star Promos/173.ts", "data/Scarlet & Violet/SVP Black Star Promos/174.ts", "data/Scarlet & Violet/SVP Black Star Promos/175.ts", "data/Scarlet & Violet/SVP Black Star Promos/176.ts", "data/Scarlet & Violet/SVP Black Star Promos/177.ts", "data/Scarlet & Violet/SVP Black Star Promos/178.ts", "data/Scarlet & Violet/SVP Black Star Promos/179.ts", "data/Scarlet & Violet/SVP Black Star Promos/180.ts", "data/Scarlet & Violet/SVP Black Star Promos/181.ts", "data/Scarlet & Violet/SVP Black Star Promos/182.ts", "data/Scarlet & Violet/SVP Black Star Promos/183.ts", "data/Scarlet & Violet/SVP Black Star Promos/184.ts", "data/Scarlet & Violet/SVP Black Star Promos/185.ts", "data/Scarlet & Violet/SVP Black Star Promos/186.ts", "data/Scarlet & Violet/SVP Black Star Promos/187.ts", "data/Scarlet & Violet/SVP Black Star Promos/188.ts", "data/Scarlet & Violet/SVP Black Star Promos/189.ts", "data/Scarlet & Violet/SVP Black Star Promos/190.ts", "data/Scarlet & Violet/SVP Black Star Promos/191.ts", "data/Scarlet & Violet/SVP Black Star Promos/192.ts", "data/Scarlet & Violet/SVP Black Star Promos/193.ts", "data/Scarlet & Violet/SVP Black Star Promos/194.ts", "data/Scarlet & Violet/SVP Black Star Promos/195.ts", "data/Scarlet & Violet/SVP Black Star Promos/196.ts", "data/Scarlet & Violet/SVP Black Star Promos/197.ts", "data/Scarlet & Violet/SVP Black Star Promos/198.ts", "data/Scarlet & Violet/SVP Black Star Promos/199.ts", "data/Scarlet & Violet/SVP Black Star Promos/200.ts", "data/Scarlet & Violet/SVP Black Star Promos/201.ts", "data/Scarlet & Violet/SVP Black Star Promos/202.ts", "data/Scarlet & Violet/SVP Black Star Promos/203.ts", "data/Scarlet & Violet/SVP Black Star Promos/204.ts", "data/Scarlet & Violet/SVP Black Star Promos/205.ts", "data/Scarlet & Violet/SVP Black Star Promos/206.ts", "data/Scarlet & Violet/SVP Black Star Promos/207.ts", "data/Scarlet & Violet/SVP Black Star Promos/208.ts", "data/Scarlet & Violet/SVP Black Star Promos/209.ts", "data/Scarlet & Violet/SVP Black Star Promos/210.ts", "data/Scarlet & Violet/SVP Black Star Promos/211.ts", "data/Scarlet & Violet/SVP Black Star Promos/212.ts", "data/Scarlet & Violet/SVP Black Star Promos/213.ts", "data/Scarlet & Violet/SVP Black Star Promos/214.ts", "data/Scarlet & Violet/SVP Black Star Promos/215.ts", "data/Scarlet & Violet/SVP Black Star Promos/216.ts", "data/Scarlet & Violet/SVP Black Star Promos/217.ts", "data/Scarlet & Violet/SVP Black Star Promos/218.ts", "data/Scarlet & Violet/SVP Black Star Promos/219.ts", "data/Scarlet & Violet/SVP Black Star Promos/220.ts", "data/Scarlet & Violet/SVP Black Star Promos/221.ts", "data/Scarlet & Violet/SVP Black Star Promos/222.ts", "data/Scarlet & Violet/SVP Black Star Promos/223.ts", "data/Scarlet & Violet/SVP Black Star Promos/224.ts", "data/Scarlet & Violet/SVP Black Star Promos/225.ts", "data/Scarlet & Violet/SVP Black Star Promos/UNNUMBERED-001.ts"]	sv	svp	pending	
Scarlet & Violet	Surging Sparks	pr/Scarlet-Violet-Surging-Sparks	4	4	["data/Scarlet & Violet/Surging Sparks/165.ts", "data/Scarlet & Violet/Surging Sparks/166.ts", "data/Scarlet & Violet/Surging Sparks/191.ts", "data/Scarlet & Violet/Surging Sparks/252.ts"]	sv	sv08	pending	
Scarlet & Violet	Temporal Forces	pr/Scarlet-Violet-Temporal-Forces	1	1	["data/Scarlet & Violet/Temporal Forces/161.ts"]	sv	sv05	pending	
Scarlet & Violet	Twilight Masquerade	pr/Scarlet-Violet-Twilight-Masquerade	5	5	["data/Scarlet & Violet/Twilight Masquerade/154.ts", "data/Scarlet & Violet/Twilight Masquerade/163.ts", "data/Scarlet & Violet/Twilight Masquerade/166.ts", "data/Scarlet & Violet/Twilight Masquerade/206.ts", "data/Scarlet & Violet/Twilight Masquerade/218.ts"]	sv	sv06	pending	
Scarlet & Violet	White Flare	pr/Scarlet-Violet-White-Flare	2	2	["data/Scarlet & Violet/White Flare/079.ts", "data/Scarlet & Violet/White Flare/086.ts"]	sv	sv10.5w	pending	
Sun & Moon	Celestial Storm	pr/Sun-Moon-Celestial-Storm	3	3	["data/Sun & Moon/Celestial Storm/128.ts", "data/Sun & Moon/Celestial Storm/148.ts", "data/Sun & Moon/Celestial Storm/166.ts"]	sm	sm7	pending	
Sun & Moon	Cosmic Eclipse	pr/Sun-Moon-Cosmic-Eclipse	22	22	["data/Sun & Moon/Cosmic Eclipse/186.ts", "data/Sun & Moon/Cosmic Eclipse/189.ts", "data/Sun & Moon/Cosmic Eclipse/190.ts", "data/Sun & Moon/Cosmic Eclipse/192.ts", "data/Sun & Moon/Cosmic Eclipse/193.ts", "data/Sun & Moon/Cosmic Eclipse/196.ts", "data/Sun & Moon/Cosmic Eclipse/197.ts", "data/Sun & Moon/Cosmic Eclipse/198.ts", "data/Sun & Moon/Cosmic Eclipse/199.ts", "data/Sun & Moon/Cosmic Eclipse/202.ts", "data/Sun & Moon/Cosmic Eclipse/204.ts", "data/Sun & Moon/Cosmic Eclipse/207.ts", "data/Sun & Moon/Cosmic Eclipse/209.ts", "data/Sun & Moon/Cosmic Eclipse/228.ts", "data/Sun & Moon/Cosmic Eclipse/229.ts", "data/Sun & Moon/Cosmic Eclipse/230.ts", "data/Sun & Moon/Cosmic Eclipse/231.ts", "data/Sun & Moon/Cosmic Eclipse/234.ts", "data/Sun & Moon/Cosmic Eclipse/236.ts", "data/Sun & Moon/Cosmic Eclipse/264.ts", "data/Sun & Moon/Cosmic Eclipse/267.ts", "data/Sun & Moon/Cosmic Eclipse/271.ts"]	sm	sm12	pending	
Sun & Moon	Crimson Invasion	pr/Sun-Moon-Crimson-Invasion	4	4	["data/Sun & Moon/Crimson Invasion/100.ts", "data/Sun & Moon/Crimson Invasion/122.ts", "data/Sun & Moon/Crimson Invasion/123.ts", "data/Sun & Moon/Crimson Invasion/91.ts"]	sm	sm4	pending	
Sun & Moon	Dragon Majesty	pr/Sun-Moon-Dragon-Majesty	7	7	["data/Sun & Moon/Dragon Majesty/58.ts", "data/Sun & Moon/Dragon Majesty/60.ts", "data/Sun & Moon/Dragon Majesty/61.ts", "data/Sun & Moon/Dragon Majesty/64.ts", "data/Sun & Moon/Dragon Majesty/69.ts", "data/Sun & Moon/Dragon Majesty/70.ts", "data/Sun & Moon/Dragon Majesty/76.ts"]	sm	sm7.5	pending	
Sun & Moon	Forbidden Light	pr/Sun-Moon-Forbidden-Light	9	9	["data/Sun & Moon/Forbidden Light/102.ts", "data/Sun & Moon/Forbidden Light/103.ts", "data/Sun & Moon/Forbidden Light/105.ts", "data/Sun & Moon/Forbidden Light/107.ts", "data/Sun & Moon/Forbidden Light/116.ts", "data/Sun & Moon/Forbidden Light/117.ts", "data/Sun & Moon/Forbidden Light/128.ts", "data/Sun & Moon/Forbidden Light/130.ts", "data/Sun & Moon/Forbidden Light/141.ts"]	sm	sm6	pending	
Sun & Moon	Hidden Fates	pr/Sun-Moon-Hidden-Fates	3	3	["data/Sun & Moon/Hidden Fates/52.ts", "data/Sun & Moon/Hidden Fates/56.ts", "data/Sun & Moon/Hidden Fates/60.ts"]	sm	sm115	pending	
Sun & Moon	Lost Thunder	pr/Sun-Moon-Lost-Thunder	12	12	["data/Sun & Moon/Lost Thunder/171.ts", "data/Sun & Moon/Lost Thunder/178.ts", "data/Sun & Moon/Lost Thunder/180.ts", "data/Sun & Moon/Lost Thunder/182.ts", "data/Sun & Moon/Lost Thunder/184.ts", "data/Sun & Moon/Lost Thunder/186.ts", "data/Sun & Moon/Lost Thunder/191.ts", "data/Sun & Moon/Lost Thunder/192.ts", "data/Sun & Moon/Lost Thunder/194.ts", "data/Sun & Moon/Lost Thunder/212.ts", "data/Sun & Moon/Lost Thunder/231.ts", "data/Sun & Moon/Lost Thunder/236.ts"]	sm	sm8	pending	
Sun & Moon	SM Black Star Promos	pr/Sun-Moon-SM-Black-Star-Promos	244	244	["data/Sun & Moon/SM Black Star Promos/SM01.ts", "data/Sun & Moon/SM Black Star Promos/SM02.ts", "data/Sun & Moon/SM Black Star Promos/SM03.ts", "data/Sun & Moon/SM Black Star Promos/SM04.ts", "data/Sun & Moon/SM Black Star Promos/SM05.ts", "data/Sun & Moon/SM Black Star Promos/SM06.ts", "data/Sun & Moon/SM Black Star Promos/SM07.ts", "data/Sun & Moon/SM Black Star Promos/SM08.ts", "data/Sun & Moon/SM Black Star Promos/SM09.ts", "data/Sun & Moon/SM Black Star Promos/SM10.ts", "data/Sun & Moon/SM Black Star Promos/SM100.ts", "data/Sun & Moon/SM Black Star Promos/SM101.ts", "data/Sun & Moon/SM Black Star Promos/SM102.ts", "data/Sun & Moon/SM Black Star Promos/SM103.ts", "data/Sun & Moon/SM Black Star Promos/SM104.ts", "data/Sun & Moon/SM Black Star Promos/SM105.ts", "data/Sun & Moon/SM Black Star Promos/SM106.ts", "data/Sun & Moon/SM Black Star Promos/SM107.ts", "data/Sun & Moon/SM Black Star Promos/SM108.ts", "data/Sun & Moon/SM Black Star Promos/SM109.ts", "data/Sun & Moon/SM Black Star Promos/SM11.ts", "data/Sun & Moon/SM Black Star Promos/SM110.ts", "data/Sun & Moon/SM Black Star Promos/SM111.ts", "data/Sun & Moon/SM Black Star Promos/SM112.ts", "data/Sun & Moon/SM Black Star Promos/SM113.ts", "data/Sun & Moon/SM Black Star Promos/SM114.ts", "data/Sun & Moon/SM Black Star Promos/SM115.ts", "data/Sun & Moon/SM Black Star Promos/SM116.ts", "data/Sun & Moon/SM Black Star Promos/SM117.ts", "data/Sun & Moon/SM Black Star Promos/SM118.ts", "data/Sun & Moon/SM Black Star Promos/SM119.ts", "data/Sun & Moon/SM Black Star Promos/SM12.ts", "data/Sun & Moon/SM Black Star Promos/SM120.ts", "data/Sun & Moon/SM Black Star Promos/SM121.ts", "data/Sun & Moon/SM Black Star Promos/SM122.ts", "data/Sun & Moon/SM Black Star Promos/SM123.ts", "data/Sun & Moon/SM Black Star Promos/SM124.ts", "data/Sun & Moon/SM Black Star Promos/SM125.ts", "data/Sun & Moon/SM Black Star Promos/SM126.ts", "data/Sun & Moon/SM Black Star Promos/SM127.ts", "data/Sun & Moon/SM Black Star Promos/SM128.ts", "data/Sun & Moon/SM Black Star Promos/SM129.ts", "data/Sun & Moon/SM Black Star Promos/SM13.ts", "data/Sun & Moon/SM Black Star Promos/SM130.ts", "data/Sun & Moon/SM Black Star Promos/SM131.ts", "data/Sun & Moon/SM Black Star Promos/SM132.ts", "data/Sun & Moon/SM Black Star Promos/SM133.ts", "data/Sun & Moon/SM Black Star Promos/SM134.ts", "data/Sun & Moon/SM Black Star Promos/SM135.ts", "data/Sun & Moon/SM Black Star Promos/SM136.ts", "data/Sun & Moon/SM Black Star Promos/SM137.ts", "data/Sun & Moon/SM Black Star Promos/SM138.ts", "data/Sun & Moon/SM Black Star Promos/SM139.ts", "data/Sun & Moon/SM Black Star Promos/SM14.ts", "data/Sun & Moon/SM Black Star Promos/SM140.ts", "data/Sun & Moon/SM Black Star Promos/SM141.ts", "data/Sun & Moon/SM Black Star Promos/SM142.ts", "data/Sun & Moon/SM Black Star Promos/SM143.ts", "data/Sun & Moon/SM Black Star Promos/SM144.ts", "data/Sun & Moon/SM Black Star Promos/SM145.ts", "data/Sun & Moon/SM Black Star Promos/SM146.ts", "data/Sun & Moon/SM Black Star Promos/SM147.ts", "data/Sun & Moon/SM Black Star Promos/SM148.ts", "data/Sun & Moon/SM Black Star Promos/SM149.ts", "data/Sun & Moon/SM Black Star Promos/SM15.ts", "data/Sun & Moon/SM Black Star Promos/SM150.ts", "data/Sun & Moon/SM Black Star Promos/SM151.ts", "data/Sun & Moon/SM Black Star Promos/SM152.ts", "data/Sun & Moon/SM Black Star Promos/SM153.ts", "data/Sun & Moon/SM Black Star Promos/SM154.ts", "data/Sun & Moon/SM Black Star Promos/SM155.ts", "data/Sun & Moon/SM Black Star Promos/SM156.ts", "data/Sun & Moon/SM Black Star Promos/SM157.ts", "data/Sun & Moon/SM Black Star Promos/SM158.ts", "data/Sun & Moon/SM Black Star Promos/SM159.ts", "data/Sun & Moon/SM Black Star Promos/SM16.ts", "data/Sun & Moon/SM Black Star Promos/SM160.ts", "data/Sun & Moon/SM Black Star Promos/SM161.ts", "data/Sun & Moon/SM Black Star Promos/SM162.ts", "data/Sun & Moon/SM Black Star Promos/SM163.ts", "data/Sun & Moon/SM Black Star Promos/SM164.ts", "data/Sun & Moon/SM Black Star Promos/SM165.ts", "data/Sun & Moon/SM Black Star Promos/SM166.ts", "data/Sun & Moon/SM Black Star Promos/SM167.ts", "data/Sun & Moon/SM Black Star Promos/SM168.ts", "data/Sun & Moon/SM Black Star Promos/SM169.ts", "data/Sun & Moon/SM Black Star Promos/SM17.ts", "data/Sun & Moon/SM Black Star Promos/SM170.ts", "data/Sun & Moon/SM Black Star Promos/SM171.ts", "data/Sun & Moon/SM Black Star Promos/SM172.ts", "data/Sun & Moon/SM Black Star Promos/SM173.ts", "data/Sun & Moon/SM Black Star Promos/SM174.ts", "data/Sun & Moon/SM Black Star Promos/SM175.ts", "data/Sun & Moon/SM Black Star Promos/SM176.ts", "data/Sun & Moon/SM Black Star Promos/SM177.ts", "data/Sun & Moon/SM Black Star Promos/SM178.ts", "data/Sun & Moon/SM Black Star Promos/SM179.ts", "data/Sun & Moon/SM Black Star Promos/SM18.ts", "data/Sun & Moon/SM Black Star Promos/SM180.ts", "data/Sun & Moon/SM Black Star Promos/SM181.ts", "data/Sun & Moon/SM Black Star Promos/SM182.ts", "data/Sun & Moon/SM Black Star Promos/SM183.ts", "data/Sun & Moon/SM Black Star Promos/SM184.ts", "data/Sun & Moon/SM Black Star Promos/SM185.ts", "data/Sun & Moon/SM Black Star Promos/SM186.ts", "data/Sun & Moon/SM Black Star Promos/SM187.ts", "data/Sun & Moon/SM Black Star Promos/SM188.ts", "data/Sun & Moon/SM Black Star Promos/SM189.ts", "data/Sun & Moon/SM Black Star Promos/SM19.ts", "data/Sun & Moon/SM Black Star Promos/SM190.ts", "data/Sun & Moon/SM Black Star Promos/SM191.ts", "data/Sun & Moon/SM Black Star Promos/SM192.ts", "data/Sun & Moon/SM Black Star Promos/SM193.ts", "data/Sun & Moon/SM Black Star Promos/SM194.ts", "data/Sun & Moon/SM Black Star Promos/SM195.ts", "data/Sun & Moon/SM Black Star Promos/SM196.ts", "data/Sun & Moon/SM Black Star Promos/SM197.ts", "data/Sun & Moon/SM Black Star Promos/SM198.ts", "data/Sun & Moon/SM Black Star Promos/SM199.ts", "data/Sun & Moon/SM Black Star Promos/SM20.ts", "data/Sun & Moon/SM Black Star Promos/SM200.ts", "data/Sun & Moon/SM Black Star Promos/SM201.ts", "data/Sun & Moon/SM Black Star Promos/SM202.ts", "data/Sun & Moon/SM Black Star Promos/SM203.ts", "data/Sun & Moon/SM Black Star Promos/SM204.ts", "data/Sun & Moon/SM Black Star Promos/SM205.ts", "data/Sun & Moon/SM Black Star Promos/SM206.ts", "data/Sun & Moon/SM Black Star Promos/SM207.ts", "data/Sun & Moon/SM Black Star Promos/SM208.ts", "data/Sun & Moon/SM Black Star Promos/SM209.ts", "data/Sun & Moon/SM Black Star Promos/SM21.ts", "data/Sun & Moon/SM Black Star Promos/SM210.ts", "data/Sun & Moon/SM Black Star Promos/SM211.ts", "data/Sun & Moon/SM Black Star Promos/SM212.ts", "data/Sun & Moon/SM Black Star Promos/SM213.ts", "data/Sun & Moon/SM Black Star Promos/SM214.ts", "data/Sun & Moon/SM Black Star Promos/SM215.ts", "data/Sun & Moon/SM Black Star Promos/SM216.ts", "data/Sun & Moon/SM Black Star Promos/SM217.ts", "data/Sun & Moon/SM Black Star Promos/SM218.ts", "data/Sun & Moon/SM Black Star Promos/SM219.ts", "data/Sun & Moon/SM Black Star Promos/SM22.ts", "data/Sun & Moon/SM Black Star Promos/SM220.ts", "data/Sun & Moon/SM Black Star Promos/SM221.ts", "data/Sun & Moon/SM Black Star Promos/SM222.ts", "data/Sun & Moon/SM Black Star Promos/SM223.ts", "data/Sun & Moon/SM Black Star Promos/SM224.ts", "data/Sun & Moon/SM Black Star Promos/SM225.ts", "data/Sun & Moon/SM Black Star Promos/SM226.ts", "data/Sun & Moon/SM Black Star Promos/SM227.ts", "data/Sun & Moon/SM Black Star Promos/SM228.ts", "data/Sun & Moon/SM Black Star Promos/SM229.ts", "data/Sun & Moon/SM Black Star Promos/SM23.ts", "data/Sun & Moon/SM Black Star Promos/SM230.ts", "data/Sun & Moon/SM Black Star Promos/SM231.ts", "data/Sun & Moon/SM Black Star Promos/SM232.ts", "data/Sun & Moon/SM Black Star Promos/SM233.ts", "data/Sun & Moon/SM Black Star Promos/SM234.ts", "data/Sun & Moon/SM Black Star Promos/SM235.ts", "data/Sun & Moon/SM Black Star Promos/SM236.ts", "data/Sun & Moon/SM Black Star Promos/SM237.ts", "data/Sun & Moon/SM Black Star Promos/SM238.ts", "data/Sun & Moon/SM Black Star Promos/SM239.ts", "data/Sun & Moon/SM Black Star Promos/SM24.ts", "data/Sun & Moon/SM Black Star Promos/SM240.ts", "data/Sun & Moon/SM Black Star Promos/SM241.ts", "data/Sun & Moon/SM Black Star Promos/SM242.ts", "data/Sun & Moon/SM Black Star Promos/SM243.ts", "data/Sun & Moon/SM Black Star Promos/SM244.ts", "data/Sun & Moon/SM Black Star Promos/SM25.ts", "data/Sun & Moon/SM Black Star Promos/SM26.ts", "data/Sun & Moon/SM Black Star Promos/SM27.ts", "data/Sun & Moon/SM Black Star Promos/SM28.ts", "data/Sun & Moon/SM Black Star Promos/SM29.ts", "data/Sun & Moon/SM Black Star Promos/SM30.ts", "data/Sun & Moon/SM Black Star Promos/SM31.ts", "data/Sun & Moon/SM Black Star Promos/SM32.ts", "data/Sun & Moon/SM Black Star Promos/SM33.ts", "data/Sun & Moon/SM Black Star Promos/SM34.ts", "data/Sun & Moon/SM Black Star Promos/SM35.ts", "data/Sun & Moon/SM Black Star Promos/SM36.ts", "data/Sun & Moon/SM Black Star Promos/SM37.ts", "data/Sun & Moon/SM Black Star Promos/SM38.ts", "data/Sun & Moon/SM Black Star Promos/SM39.ts", "data/Sun & Moon/SM Black Star Promos/SM40.ts", "data/Sun & Moon/SM Black Star Promos/SM41.ts", "data/Sun & Moon/SM Black Star Promos/SM42.ts", "data/Sun & Moon/SM Black Star Promos/SM43.ts", "data/Sun & Moon/SM Black Star Promos/SM44.ts", "data/Sun & Moon/SM Black Star Promos/SM45.ts", "data/Sun & Moon/SM Black Star Promos/SM46.ts", "data/Sun & Moon/SM Black Star Promos/SM47.ts", "data/Sun & Moon/SM Black Star Promos/SM48.ts", "data/Sun & Moon/SM Black Star Promos/SM49.ts", "data/Sun & Moon/SM Black Star Promos/SM50.ts", "data/Sun & Moon/SM Black Star Promos/SM51.ts", "data/Sun & Moon/SM Black Star Promos/SM52.ts", "data/Sun & Moon/SM Black Star Promos/SM53.ts", "data/Sun & Moon/SM Black Star Promos/SM54.ts", "data/Sun & Moon/SM Black Star Promos/SM55.ts", "data/Sun & Moon/SM Black Star Promos/SM56.ts", "data/Sun & Moon/SM Black Star Promos/SM57.ts", "data/Sun & Moon/SM Black Star Promos/SM58.ts", "data/Sun & Moon/SM Black Star Promos/SM59.ts", "data/Sun & Moon/SM Black Star Promos/SM60.ts", "data/Sun & Moon/SM Black Star Promos/SM61.ts", "data/Sun & Moon/SM Black Star Promos/SM62.ts", "data/Sun & Moon/SM Black Star Promos/SM63.ts", "data/Sun & Moon/SM Black Star Promos/SM64.ts", "data/Sun & Moon/SM Black Star Promos/SM65.ts", "data/Sun & Moon/SM Black Star Promos/SM66.ts", "data/Sun & Moon/SM Black Star Promos/SM67.ts", "data/Sun & Moon/SM Black Star Promos/SM68.ts", "data/Sun & Moon/SM Black Star Promos/SM69.ts", "data/Sun & Moon/SM Black Star Promos/SM70.ts", "data/Sun & Moon/SM Black Star Promos/SM71.ts", "data/Sun & Moon/SM Black Star Promos/SM72.ts", "data/Sun & Moon/SM Black Star Promos/SM73.ts", "data/Sun & Moon/SM Black Star Promos/SM74.ts", "data/Sun & Moon/SM Black Star Promos/SM75.ts", "data/Sun & Moon/SM Black Star Promos/SM76.ts", "data/Sun & Moon/SM Black Star Promos/SM77.ts", "data/Sun & Moon/SM Black Star Promos/SM78.ts", "data/Sun & Moon/SM Black Star Promos/SM79.ts", "data/Sun & Moon/SM Black Star Promos/SM80.ts", "data/Sun & Moon/SM Black Star Promos/SM81.ts", "data/Sun & Moon/SM Black Star Promos/SM82.ts", "data/Sun & Moon/SM Black Star Promos/SM83.ts", "data/Sun & Moon/SM Black Star Promos/SM84.ts", "data/Sun & Moon/SM Black Star Promos/SM85.ts", "data/Sun & Moon/SM Black Star Promos/SM86.ts", "data/Sun & Moon/SM Black Star Promos/SM87.ts", "data/Sun & Moon/SM Black Star Promos/SM88.ts", "data/Sun & Moon/SM Black Star Promos/SM89.ts", "data/Sun & Moon/SM Black Star Promos/SM90.ts", "data/Sun & Moon/SM Black Star Promos/SM91.ts", "data/Sun & Moon/SM Black Star Promos/SM92.ts", "data/Sun & Moon/SM Black Star Promos/SM93.ts", "data/Sun & Moon/SM Black Star Promos/SM94.ts", "data/Sun & Moon/SM Black Star Promos/SM95.ts", "data/Sun & Moon/SM Black Star Promos/SM96.ts", "data/Sun & Moon/SM Black Star Promos/SM97.ts", "data/Sun & Moon/SM Black Star Promos/SM98.ts", "data/Sun & Moon/SM Black Star Promos/SM99.ts"]	sm	smp	pending	
Sun & Moon	Shining Legends	pr/Sun-Moon-Shining-Legends	1	1	["data/Sun & Moon/Shining Legends/70.ts"]	sm	sm3.5	pending	
Sun & Moon	Team Up	pr/Sun-Moon-Team-Up	19	19	["data/Sun & Moon/Team Up/134.ts", "data/Sun & Moon/Team Up/137.ts", "data/Sun & Moon/Team Up/138.ts", "data/Sun & Moon/Team Up/140.ts", "data/Sun & Moon/Team Up/141.ts", "data/Sun & Moon/Team Up/144.ts", "data/Sun & Moon/Team Up/146.ts", "data/Sun & Moon/Team Up/149.ts", "data/Sun & Moon/Team Up/151.ts", "data/Sun & Moon/Team Up/155.ts", "data/Sun & Moon/Team Up/158.ts", "data/Sun & Moon/Team Up/173.ts", "data/Sun & Moon/Team Up/174.ts", "data/Sun & Moon/Team Up/175.ts", "data/Sun & Moon/Team Up/176.ts", "data/Sun & Moon/Team Up/178.ts", "data/Sun & Moon/Team Up/180.ts", "data/Sun & Moon/Team Up/192.ts", "data/Sun & Moon/Team Up/194.ts"]	sm	sm9	pending	
Sun & Moon	Ultra Prism	pr/Sun-Moon-Ultra-Prism	5	5	["data/Sun & Moon/Ultra Prism/120.ts", "data/Sun & Moon/Ultra Prism/129.ts", "data/Sun & Moon/Ultra Prism/134.ts", "data/Sun & Moon/Ultra Prism/136.ts", "data/Sun & Moon/Ultra Prism/168.ts"]	sm	sm5	pending	
Sun & Moon	Unbroken Bonds	pr/Sun-Moon-Unbroken-Bonds	11	11	["data/Sun & Moon/Unbroken Bonds/169.ts", "data/Sun & Moon/Unbroken Bonds/175.ts", "data/Sun & Moon/Unbroken Bonds/178.ts", "data/Sun & Moon/Unbroken Bonds/181.ts", "data/Sun & Moon/Unbroken Bonds/184.ts", "data/Sun & Moon/Unbroken Bonds/190.ts", "data/Sun & Moon/Unbroken Bonds/209.ts", "data/Sun & Moon/Unbroken Bonds/212.ts", "data/Sun & Moon/Unbroken Bonds/213.ts", "data/Sun & Moon/Unbroken Bonds/230.ts", "data/Sun & Moon/Unbroken Bonds/234.ts"]	sm	sm10	pending	
Sun & Moon	Unified Minds	pr/Sun-Moon-Unified-Minds	7	7	["data/Sun & Moon/Unified Minds/195.ts", "data/Sun & Moon/Unified Minds/203.ts", "data/Sun & Moon/Unified Minds/210.ts", "data/Sun & Moon/Unified Minds/212.ts", "data/Sun & Moon/Unified Minds/213.ts", "data/Sun & Moon/Unified Minds/257.ts", "data/Sun & Moon/Unified Minds/258.ts"]	sm	sm11	pending	
Sword & Shield	Astral Radiance	pr/Sword-Shield-Astral-Radiance	0	1	["data/Sword & Shield/Astral Radiance.ts"]	swsh	swsh10	pending	
Sword & Shield	Battle Styles	pr/Sword-Shield-Battle-Styles	10	10	["data/Sword & Shield/Battle Styles/132.ts", "data/Sword & Shield/Battle Styles/134.ts", "data/Sword & Shield/Battle Styles/140.ts", "data/Sword & Shield/Battle Styles/141.ts", "data/Sword & Shield/Battle Styles/162.ts", "data/Sword & Shield/Battle Styles/163.ts", "data/Sword & Shield/Battle Styles/176.ts", "data/Sword & Shield/Battle Styles/177.ts", "data/Sword & Shield/Battle Styles/182.ts", "data/Sword & Shield/Battle Styles/183.ts"]	swsh	swsh5	pending	
Sword & Shield	Brilliant Stars	pr/Sword-Shield-Brilliant-Stars	0	1	["data/Sword & Shield/Brilliant Stars.ts"]	swsh	swsh9	pending	
Sword & Shield	Celebrations	pr/Sword-Shield-Celebrations	18	18	["data/Sword & Shield/Celebrations/107A.ts", "data/Sword & Shield/Celebrations/109A.ts", "data/Sword & Shield/Celebrations/145A.ts", "data/Sword & Shield/Celebrations/15A4.ts", "data/Sword & Shield/Celebrations/17.ts", "data/Sword & Shield/Celebrations/17A.ts", "data/Sword & Shield/Celebrations/24A.ts", "data/Sword & Shield/Celebrations/54A.ts", "data/Sword & Shield/Celebrations/60A.ts", "data/Sword & Shield/Celebrations/66A.ts", "data/Sword & Shield/Celebrations/73A.ts", "data/Sword & Shield/Celebrations/76A.ts", "data/Sword & Shield/Celebrations/86A.ts", "data/Sword & Shield/Celebrations/88A.ts", "data/Sword & Shield/Celebrations/8A.ts", "data/Sword & Shield/Celebrations/93A.ts", "data/Sword & Shield/Celebrations/97A.ts", "data/Sword & Shield/Celebrations/9A.ts"]	swsh	cel25	pending	
Sword & Shield	Crown Zenith	pr/Sword-Shield-Crown-Zenith	0	1	["data/Sword & Shield/Crown Zenith.ts"]	swsh	swsh12.5	pending	
Sword & Shield	Darkness Ablaze	pr/Sword-Shield-Darkness-Ablaze	5	5	["data/Sword & Shield/Darkness Ablaze/167.ts", "data/Sword & Shield/Darkness Ablaze/174.ts", "data/Sword & Shield/Darkness Ablaze/175.ts", "data/Sword & Shield/Darkness Ablaze/176.ts", "data/Sword & Shield/Darkness Ablaze/201.ts"]	swsh	swsh3	pending	
Sword & Shield	Lost Origin	pr/Sword-Shield-Lost-Origin	0	1	["data/Sword & Shield/Lost Origin.ts"]	swsh	swsh11	pending	
Sword & Shield	Rebel Clash	pr/Sword-Shield-Rebel-Clash	9	9	["data/Sword & Shield/Rebel Clash/162.ts", "data/Sword & Shield/Rebel Clash/163.ts", "data/Sword & Shield/Rebel Clash/171.ts", "data/Sword & Shield/Rebel Clash/172.ts", "data/Sword & Shield/Rebel Clash/173.ts", "data/Sword & Shield/Rebel Clash/174.ts", "data/Sword & Shield/Rebel Clash/191.ts", "data/Sword & Shield/Rebel Clash/202.ts", "data/Sword & Shield/Rebel Clash/209.ts"]	swsh	swsh2	pending	
Sword & Shield	SWSH Black Star Promos	pr/Sword-Shield-SWSH-Black-Star-Promos	287	287	["data/Sword & Shield/SWSH Black Star Promos/SWSH001.ts", "data/Sword & Shield/SWSH Black Star Promos/SWSH002.ts", "data/Sword & Shield/SWSH Black Star Promos/SWSH003.ts", "data/Sword & Shield/SWSH Black Star Promos/SWSH004.ts", "data/Sword & Shield/SWSH Black Star Promos/SWSH005.ts", "data/Sword & Shield/SWSH Black Star Promos/SWSH006.ts", "data/Sword & Shield/SWSH Black Star Promos/SWSH007.ts", "data/Sword & Shield/SWSH Black Star Promos/SWSH008.ts", "data/Sword & Shield/SWSH Black Star Promos/SWSH009.ts", "data/Sword & Shield/SWSH Black Star Promos/SWSH010.ts", "data/Sword & Shield/SWSH Black Star Promos/SWSH011.ts", "data/Sword & Shield/SWSH Black Star Promos/SWSH012.ts", "data/Sword & Shield/SWSH Black Star Promos/SWSH013.ts", "data/Sword & Shield/SWSH Black Star Promos/SWSH014.ts", "data/Sword & Shield/SWSH Black Star Promos/SWSH015.ts", "data/Sword & Shield/SWSH Black Star Promos/SWSH016.ts", "data/Sword & Shield/SWSH Black Star Promos/SWSH017.ts", "data/Sword & Shield/SWSH Black Star Promos/SWSH018.ts", "data/Sword & Shield/SWSH Black Star Promos/SWSH019.ts", "data/Sword & Shield/SWSH Black Star Promos/SWSH020.ts", "data/Sword & Shield/SWSH Black Star Promos/SWSH021.ts", "data/Sword & Shield/SWSH Black Star Promos/SWSH022.ts", "data/Sword & Shield/SWSH Black Star Promos/SWSH023.ts", "data/Sword & Shield/SWSH Black Star Promos/SWSH024.ts", "data/Sword & Shield/SWSH Black Star Promos/SWSH025.ts", "data/Sword & Shield/SWSH Black Star Promos/SWSH026.ts", "data/Sword & Shield/SWSH Black Star Promos/SWSH027.ts", "data/Sword & Shield/SWSH Black Star Promos/SWSH028.ts", "data/Sword & Shield/SWSH Black Star Promos/SWSH029.ts", "data/Sword & Shield/SWSH Black Star Promos/SWSH030.ts", "data/Sword & Shield/SWSH Black Star Promos/SWSH031.ts", "data/Sword & Shield/SWSH Black Star Promos/SWSH032.ts", "data/Sword & Shield/SWSH Black Star Promos/SWSH033.ts", "data/Sword & Shield/SWSH Black Star Promos/SWSH034.ts", "data/Sword & Shield/SWSH Black Star Promos/SWSH035.ts", "data/Sword & Shield/SWSH Black Star Promos/SWSH036.ts", "data/Sword & Shield/SWSH Black Star Promos/SWSH037.ts", "data/Sword & Shield/SWSH Black Star Promos/SWSH038.ts", "data/Sword & Shield/SWSH Black Star Promos/SWSH039.ts", "data/Sword & Shield/SWSH Black Star Promos/SWSH040.ts", "data/Sword & Shield/SWSH Black Star Promos/SWSH041.ts", "data/Sword & Shield/SWSH Black Star Promos/SWSH042.ts", "data/Sword & Shield/SWSH Black Star Promos/SWSH043.ts", "data/Sword & Shield/SWSH Black Star Promos/SWSH044.ts", "data/Sword & Shield/SWSH Black Star Promos/SWSH045.ts", "data/Sword & Shield/SWSH Black Star Promos/SWSH046.ts", "data/Sword & Shield/SWSH Black Star Promos/SWSH047.ts", "data/Sword & Shield/SWSH Black Star Promos/SWSH048.ts", "data/Sword & Shield/SWSH Black Star Promos/SWSH049.ts", "data/Sword & Shield/SWSH Black Star Promos/SWSH050.ts", "data/Sword & Shield/SWSH Black Star Promos/SWSH051.ts", "data/Sword & Shield/SWSH Black Star Promos/SWSH052.ts", "data/Sword & Shield/SWSH Black Star Promos/SWSH053.ts", "data/Sword & Shield/SWSH Black Star Promos/SWSH054.ts", "data/Sword & Shield/SWSH Black Star Promos/SWSH055.ts", "data/Sword & Shield/SWSH Black Star Promos/SWSH056.ts", "data/Sword & Shield/SWSH Black Star Promos/SWSH057.ts", "data/Sword & Shield/SWSH Black Star Promos/SWSH058.ts", "data/Sword & Shield/SWSH Black Star Promos/SWSH059.ts", "data/Sword & Shield/SWSH Black Star Promos/SWSH060.ts", "data/Sword & Shield/SWSH Black Star Promos/SWSH061.ts", "data/Sword & Shield/SWSH Black Star Promos/SWSH062.ts", "data/Sword & Shield/SWSH Black Star Promos/SWSH063.ts", "data/Sword & Shield/SWSH Black Star Promos/SWSH064.ts", "data/Sword & Shield/SWSH Black Star Promos/SWSH065.ts", "data/Sword & Shield/SWSH Black Star Promos/SWSH066.ts", "data/Sword & Shield/SWSH Black Star Promos/SWSH067.ts", "data/Sword & Shield/SWSH Black Star Promos/SWSH068.ts", "data/Sword & Shield/SWSH Black Star Promos/SWSH069.ts", "data/Sword & Shield/SWSH Black Star Promos/SWSH070.ts", "data/Sword & Shield/SWSH Black Star Promos/SWSH071.ts", "data/Sword & Shield/SWSH Black Star Promos/SWSH072.ts", "data/Sword & Shield/SWSH Black Star Promos/SWSH073.ts", "data/Sword & Shield/SWSH Black Star Promos/SWSH074.ts", "data/Sword & Shield/SWSH Black Star Promos/SWSH076.ts", "data/Sword & Shield/SWSH Black Star Promos/SWSH077.ts", "data/Sword & Shield/SWSH Black Star Promos/SWSH078.ts", "data/Sword & Shield/SWSH Black Star Promos/SWSH079.ts", "data/Sword & Shield/SWSH Black Star Promos/SWSH080.ts", "data/Sword & Shield/SWSH Black Star Promos/SWSH081.ts", "data/Sword & Shield/SWSH Black Star Promos/SWSH082.ts", "data/Sword & Shield/SWSH Black Star Promos/SWSH083.ts", "data/Sword & Shield/SWSH Black Star Promos/SWSH084.ts", "data/Sword & Shield/SWSH Black Star Promos/SWSH085.ts", "data/Sword & Shield/SWSH Black Star Promos/SWSH086.ts", "data/Sword & Shield/SWSH Black Star Promos/SWSH087.ts", "data/Sword & Shield/SWSH Black Star Promos/SWSH088.ts", "data/Sword & Shield/SWSH Black Star Promos/SWSH089.ts", "data/Sword & Shield/SWSH Black Star Promos/SWSH090.ts", "data/Sword & Shield/SWSH Black Star Promos/SWSH091.ts", "data/Sword & Shield/SWSH Black Star Promos/SWSH092.ts", "data/Sword & Shield/SWSH Black Star Promos/SWSH093.ts", "data/Sword & Shield/SWSH Black Star Promos/SWSH094.ts", "data/Sword & Shield/SWSH Black Star Promos/SWSH095.ts", "data/Sword & Shield/SWSH Black Star Promos/SWSH096.ts", "data/Sword & Shield/SWSH Black Star Promos/SWSH097.ts", "data/Sword & Shield/SWSH Black Star Promos/SWSH098.ts", "data/Sword & Shield/SWSH Black Star Promos/SWSH099.ts", "data/Sword & Shield/SWSH Black Star Promos/SWSH100.ts", "data/Sword & Shield/SWSH Black Star Promos/SWSH101.ts", "data/Sword & Shield/SWSH Black Star Promos/SWSH102.ts", "data/Sword & Shield/SWSH Black Star Promos/SWSH103.ts", "data/Sword & Shield/SWSH Black Star Promos/SWSH104.ts", "data/Sword & Shield/SWSH Black Star Promos/SWSH105.ts", "data/Sword & Shield/SWSH Black Star Promos/SWSH106.ts", "data/Sword & Shield/SWSH Black Star Promos/SWSH107.ts", "data/Sword & Shield/SWSH Black Star Promos/SWSH108.ts", "data/Sword & Shield/SWSH Black Star Promos/SWSH109.ts", "data/Sword & Shield/SWSH Black Star Promos/SWSH110.ts", "data/Sword & Shield/SWSH Black Star Promos/SWSH111.ts", "data/Sword & Shield/SWSH Black Star Promos/SWSH112.ts", "data/Sword & Shield/SWSH Black Star Promos/SWSH113.ts", "data/Sword & Shield/SWSH Black Star Promos/SWSH114.ts", "data/Sword & Shield/SWSH Black Star Promos/SWSH115.ts", "data/Sword & Shield/SWSH Black Star Promos/SWSH116.ts", "data/Sword & Shield/SWSH Black Star Promos/SWSH117.ts", "data/Sword & Shield/SWSH Black Star Promos/SWSH118.ts", "data/Sword & Shield/SWSH Black Star Promos/SWSH119.ts", "data/Sword & Shield/SWSH Black Star Promos/SWSH120.ts", "data/Sword & Shield/SWSH Black Star Promos/SWSH121.ts", "data/Sword & Shield/SWSH Black Star Promos/SWSH122.ts", "data/Sword & Shield/SWSH Black Star Promos/SWSH123.ts", "data/Sword & Shield/SWSH Black Star Promos/SWSH124.ts", "data/Sword & Shield/SWSH Black Star Promos/SWSH125.ts", "data/Sword & Shield/SWSH Black Star Promos/SWSH126.ts", "data/Sword & Shield/SWSH Black Star Promos/SWSH127.ts", "data/Sword & Shield/SWSH Black Star Promos/SWSH128.ts", "data/Sword & Shield/SWSH Black Star Promos/SWSH129.ts", "data/Sword & Shield/SWSH Black Star Promos/SWSH130.ts", "data/Sword & Shield/SWSH Black Star Promos/SWSH131.ts", "data/Sword & Shield/SWSH Black Star Promos/SWSH132.ts", "data/Sword & Shield/SWSH Black Star Promos/SWSH133.ts", "data/Sword & Shield/SWSH Black Star Promos/SWSH134.ts", "data/Sword & Shield/SWSH Black Star Promos/SWSH135.ts", "data/Sword & Shield/SWSH Black Star Promos/SWSH136.ts", "data/Sword & Shield/SWSH Black Star Promos/SWSH137.ts", "data/Sword & Shield/SWSH Black Star Promos/SWSH138.ts", "data/Sword & Shield/SWSH Black Star Promos/SWSH139.ts", "data/Sword & Shield/SWSH Black Star Promos/SWSH140.ts", "data/Sword & Shield/SWSH Black Star Promos/SWSH141.ts", "data/Sword & Shield/SWSH Black Star Promos/SWSH142.ts", "data/Sword & Shield/SWSH Black Star Promos/SWSH143.ts", "data/Sword & Shield/SWSH Black Star Promos/SWSH144.ts", "data/Sword & Shield/SWSH Black Star Promos/SWSH145.ts", "data/Sword & Shield/SWSH Black Star Promos/SWSH146.ts", "data/Sword & Shield/SWSH Black Star Promos/SWSH147.ts", "data/Sword & Shield/SWSH Black Star Promos/SWSH148.ts", "data/Sword & Shield/SWSH Black Star Promos/SWSH149.ts", "data/Sword & Shield/SWSH Black Star Promos/SWSH150.ts", "data/Sword & Shield/SWSH Black Star Promos/SWSH151.ts", "data/Sword & Shield/SWSH Black Star Promos/SWSH152.ts", "data/Sword & Shield/SWSH Black Star Promos/SWSH153.ts", "data/Sword & Shield/SWSH Black Star Promos/SWSH154.ts", "data/Sword & Shield/SWSH Black Star Promos/SWSH155.ts", "data/Sword & Shield/SWSH Black Star Promos/SWSH156.ts", "data/Sword & Shield/SWSH Black Star Promos/SWSH157.ts", "data/Sword & Shield/SWSH Black Star Promos/SWSH158.ts", "data/Sword & Shield/SWSH Black Star Promos/SWSH159.ts", "data/Sword & Shield/SWSH Black Star Promos/SWSH160.ts", "data/Sword & Shield/SWSH Black Star Promos/SWSH161.ts", "data/Sword & Shield/SWSH Black Star Promos/SWSH162.ts", "data/Sword & Shield/SWSH Black Star Promos/SWSH163.ts", "data/Sword & Shield/SWSH Black Star Promos/SWSH164.ts", "data/Sword & Shield/SWSH Black Star Promos/SWSH165.ts", "data/Sword & Shield/SWSH Black Star Promos/SWSH166.ts", "data/Sword & Shield/SWSH Black Star Promos/SWSH167.ts", "data/Sword & Shield/SWSH Black Star Promos/SWSH168.ts", "data/Sword & Shield/SWSH Black Star Promos/SWSH169.ts", "data/Sword & Shield/SWSH Black Star Promos/SWSH170.ts", "data/Sword & Shield/SWSH Black Star Promos/SWSH171.ts", "data/Sword & Shield/SWSH Black Star Promos/SWSH172.ts", "data/Sword & Shield/SWSH Black Star Promos/SWSH173.ts", "data/Sword & Shield/SWSH Black Star Promos/SWSH174.ts", "data/Sword & Shield/SWSH Black Star Promos/SWSH175.ts", "data/Sword & Shield/SWSH Black Star Promos/SWSH176.ts", "data/Sword & Shield/SWSH Black Star Promos/SWSH177.ts", "data/Sword & Shield/SWSH Black Star Promos/SWSH178.ts", "data/Sword & Shield/SWSH Black Star Promos/SWSH179.ts", "data/Sword & Shield/SWSH Black Star Promos/SWSH180.ts", "data/Sword & Shield/SWSH Black Star Promos/SWSH181.ts", "data/Sword & Shield/SWSH Black Star Promos/SWSH182.ts", "data/Sword & Shield/SWSH Black Star Promos/SWSH183.ts", "data/Sword & Shield/SWSH Black Star Promos/SWSH184.ts", "data/Sword & Shield/SWSH Black Star Promos/SWSH185.ts", "data/Sword & Shield/SWSH Black Star Promos/SWSH186.ts", "data/Sword & Shield/SWSH Black Star Promos/SWSH187.ts", "data/Sword & Shield/SWSH Black Star Promos/SWSH188.ts", "data/Sword & Shield/SWSH Black Star Promos/SWSH189.ts", "data/Sword & Shield/SWSH Black Star Promos/SWSH190.ts", "data/Sword & Shield/SWSH Black Star Promos/SWSH191.ts", "data/Sword & Shield/SWSH Black Star Promos/SWSH192.ts", "data/Sword & Shield/SWSH Black Star Promos/SWSH193.ts", "data/Sword & Shield/SWSH Black Star Promos/SWSH194.ts", "data/Sword & Shield/SWSH Black Star Promos/SWSH195.ts", "data/Sword & Shield/SWSH Black Star Promos/SWSH196.ts", "data/Sword & Shield/SWSH Black Star Promos/SWSH197.ts", "data/Sword & Shield/SWSH Black Star Promos/SWSH198.ts", "data/Sword & Shield/SWSH Black Star Promos/SWSH199.ts", "data/Sword & Shield/SWSH Black Star Promos/SWSH200.ts", "data/Sword & Shield/SWSH Black Star Promos/SWSH201.ts", "data/Sword & Shield/SWSH Black Star Promos/SWSH202.ts", "data/Sword & Shield/SWSH Black Star Promos/SWSH203.ts", "data/Sword & Shield/SWSH Black Star Promos/SWSH204.ts", "data/Sword & Shield/SWSH Black Star Promos/SWSH205.ts", "data/Sword & Shield/SWSH Black Star Promos/SWSH206.ts", "data/Sword & Shield/SWSH Black Star Promos/SWSH207.ts", "data/Sword & Shield/SWSH Black Star Promos/SWSH208.ts", "data/Sword & Shield/SWSH Black Star Promos/SWSH209.ts", "data/Sword & Shield/SWSH Black Star Promos/SWSH210.ts", "data/Sword & Shield/SWSH Black Star Promos/SWSH211.ts", "data/Sword & Shield/SWSH Black Star Promos/SWSH212.ts", "data/Sword & Shield/SWSH Black Star Promos/SWSH213.ts", "data/Sword & Shield/SWSH Black Star Promos/SWSH214.ts", "data/Sword & Shield/SWSH Black Star Promos/SWSH215.ts", "data/Sword & Shield/SWSH Black Star Promos/SWSH216.ts", "data/Sword & Shield/SWSH Black Star Promos/SWSH217.ts", "data/Sword & Shield/SWSH Black Star Promos/SWSH218.ts", "data/Sword & Shield/SWSH Black Star Promos/SWSH219.ts", "data/Sword & Shield/SWSH Black Star Promos/SWSH220.ts", "data/Sword & Shield/SWSH Black Star Promos/SWSH221.ts", "data/Sword & Shield/SWSH Black Star Promos/SWSH222.ts", "data/Sword & Shield/SWSH Black Star Promos/SWSH223.ts", "data/Sword & Shield/SWSH Black Star Promos/SWSH224.ts", "data/Sword & Shield/SWSH Black Star Promos/SWSH225.ts", "data/Sword & Shield/SWSH Black Star Promos/SWSH226.ts", "data/Sword & Shield/SWSH Black Star Promos/SWSH227.ts", "data/Sword & Shield/SWSH Black Star Promos/SWSH228.ts", "data/Sword & Shield/SWSH Black Star Promos/SWSH229.ts", "data/Sword & Shield/SWSH Black Star Promos/SWSH230.ts", "data/Sword & Shield/SWSH Black Star Promos/SWSH231.ts", "data/Sword & Shield/SWSH Black Star Promos/SWSH232.ts", "data/Sword & Shield/SWSH Black Star Promos/SWSH233.ts", "data/Sword & Shield/SWSH Black Star Promos/SWSH234.ts", "data/Sword & Shield/SWSH Black Star Promos/SWSH235.ts", "data/Sword & Shield/SWSH Black Star Promos/SWSH236.ts", "data/Sword & Shield/SWSH Black Star Promos/SWSH237.ts", "data/Sword & Shield/SWSH Black Star Promos/SWSH238.ts", "data/Sword & Shield/SWSH Black Star Promos/SWSH239.ts", "data/Sword & Shield/SWSH Black Star Promos/SWSH240.ts", "data/Sword & Shield/SWSH Black Star Promos/SWSH241.ts", "data/Sword & Shield/SWSH Black Star Promos/SWSH242.ts", "data/Sword & Shield/SWSH Black Star Promos/SWSH243.ts", "data/Sword & Shield/SWSH Black Star Promos/SWSH244.ts", "data/Sword & Shield/SWSH Black Star Promos/SWSH245.ts", "data/Sword & Shield/SWSH Black Star Promos/SWSH246.ts", "data/Sword & Shield/SWSH Black Star Promos/SWSH247.ts", "data/Sword & Shield/SWSH Black Star Promos/SWSH248.ts", "data/Sword & Shield/SWSH Black Star Promos/SWSH249.ts", "data/Sword & Shield/SWSH Black Star Promos/SWSH250.ts", "data/Sword & Shield/SWSH Black Star Promos/SWSH252.ts", "data/Sword & Shield/SWSH Black Star Promos/SWSH253.ts", "data/Sword & Shield/SWSH Black Star Promos/SWSH254.ts", "data/Sword & Shield/SWSH Black Star Promos/SWSH255.ts", "data/Sword & Shield/SWSH Black Star Promos/SWSH256.ts", "data/Sword & Shield/SWSH Black Star Promos/SWSH257.ts", "data/Sword & Shield/SWSH Black Star Promos/SWSH258.ts", "data/Sword & Shield/SWSH Black Star Promos/SWSH259.ts", "data/Sword & Shield/SWSH Black Star Promos/SWSH260.ts", "data/Sword & Shield/SWSH Black Star Promos/SWSH261.ts", "data/Sword & Shield/SWSH Black Star Promos/SWSH262.ts", "data/Sword & Shield/SWSH Black Star Promos/SWSH263.ts", "data/Sword & Shield/SWSH Black Star Promos/SWSH264.ts", "data/Sword & Shield/SWSH Black Star Promos/SWSH265.ts", "data/Sword & Shield/SWSH Black Star Promos/SWSH266.ts", "data/Sword & Shield/SWSH Black Star Promos/SWSH267.ts", "data/Sword & Shield/SWSH Black Star Promos/SWSH268.ts", "data/Sword & Shield/SWSH Black Star Promos/SWSH269.ts", "data/Sword & Shield/SWSH Black Star Promos/SWSH270.ts", "data/Sword & Shield/SWSH Black Star Promos/SWSH271.ts", "data/Sword & Shield/SWSH Black Star Promos/SWSH272.ts", "data/Sword & Shield/SWSH Black Star Promos/SWSH273.ts", "data/Sword & Shield/SWSH Black Star Promos/SWSH274.ts", "data/Sword & Shield/SWSH Black Star Promos/SWSH275.ts", "data/Sword & Shield/SWSH Black Star Promos/SWSH276.ts", "data/Sword & Shield/SWSH Black Star Promos/SWSH277.ts", "data/Sword & Shield/SWSH Black Star Promos/SWSH278.ts", "data/Sword & Shield/SWSH Black Star Promos/SWSH279.ts", "data/Sword & Shield/SWSH Black Star Promos/SWSH280.ts", "data/Sword & Shield/SWSH Black Star Promos/SWSH281.ts", "data/Sword & Shield/SWSH Black Star Promos/SWSH285.ts", "data/Sword & Shield/SWSH Black Star Promos/SWSH286.ts", "data/Sword & Shield/SWSH Black Star Promos/SWSH291.ts", "data/Sword & Shield/SWSH Black Star Promos/SWSH294.ts", "data/Sword & Shield/SWSH Black Star Promos/SWSH295.ts", "data/Sword & Shield/SWSH Black Star Promos/SWSH296.ts", "data/Sword & Shield/SWSH Black Star Promos/SWSH297.ts", "data/Sword & Shield/SWSH Black Star Promos/SWSH298.ts"]	swsh	swshp	pending	
Sword & Shield	Shining Fates	pr/Sword-Shield-Shining-Fates	0	1	["data/Sword & Shield/Shining Fates.ts"]	swsh	swsh4.5	pending	
Sword & Shield	Silver Tempest	pr/Sword-Shield-Silver-Tempest	0	1	["data/Sword & Shield/Silver Tempest.ts"]	swsh	swsh12	pending	
Sword & Shield	Sword & Shield	pr/Sword-Shield-Sword-Shield	5	5	["data/Sword & Shield/Sword & Shield/171.ts", "data/Sword & Shield/Sword & Shield/179.ts", "data/Sword & Shield/Sword & Shield/186.ts", "data/Sword & Shield/Sword & Shield/215.ts", "data/Sword & Shield/Sword & Shield/216.ts"]	swsh	swsh1	pending	
Sword & Shield	Vivid Voltage	pr/Sword-Shield-Vivid-Voltage	7	7	["data/Sword & Shield/Vivid Voltage/148.ts", "data/Sword & Shield/Vivid Voltage/162.ts", "data/Sword & Shield/Vivid Voltage/163.ts", "data/Sword & Shield/Vivid Voltage/164.ts", "data/Sword & Shield/Vivid Voltage/165.ts", "data/Sword & Shield/Vivid Voltage/181.ts", "data/Sword & Shield/Vivid Voltage/194.ts"]	swsh	swsh4	pending	
Trainer kits	BW trainer Kit (Excadrill)	pr/Trainer-kits-BW-trainer-Kit-Excadrill	7	7	["data/Trainer kits/BW trainer Kit (Excadrill)/11.ts", "data/Trainer kits/BW trainer Kit (Excadrill)/12.ts", "data/Trainer kits/BW trainer Kit (Excadrill)/17.ts", "data/Trainer kits/BW trainer Kit (Excadrill)/18.ts", "data/Trainer kits/BW trainer Kit (Excadrill)/27.ts", "data/Trainer kits/BW trainer Kit (Excadrill)/29.ts", "data/Trainer kits/BW trainer Kit (Excadrill)/30.ts"]	tk	tk-bw-e	pending	
Trainer kits	DP trainer Kit (Lucario)	pr/Trainer-kits-DP-trainer-Kit-Lucario	5	5	["data/Trainer kits/DP trainer Kit (Lucario)/10.ts", "data/Trainer kits/DP trainer Kit (Lucario)/4.ts", "data/Trainer kits/DP trainer Kit (Lucario)/5.ts", "data/Trainer kits/DP trainer Kit (Lucario)/6.ts", "data/Trainer kits/DP trainer Kit (Lucario)/7.ts"]	tk	tk-dp-l	pending	
Trainer kits	EX trainer Kit 2 (Minun)	pr/Trainer-kits-EX-trainer-Kit-2-Minun	1	1	["data/Trainer kits/EX trainer Kit 2 (Minun)/8.ts"]	tk	tk-ex-m	pending	
Trainer kits	EX trainer Kit 2 (Plusle)	pr/Trainer-kits-EX-trainer-Kit-2-Plusle	1	1	["data/Trainer kits/EX trainer Kit 2 (Plusle)/10.ts"]	tk	tk-ex-p	pending	
Trainer kits	SM trainer Kit (Alolan Raichu)	pr/Trainer-kits-SM-trainer-Kit-Alolan-Raichu	6	6	["data/Trainer kits/SM trainer Kit (Alolan Raichu)/11.ts", "data/Trainer kits/SM trainer Kit (Alolan Raichu)/13.ts", "data/Trainer kits/SM trainer Kit (Alolan Raichu)/16.ts", "data/Trainer kits/SM trainer Kit (Alolan Raichu)/18.ts", "data/Trainer kits/SM trainer Kit (Alolan Raichu)/22.ts", "data/Trainer kits/SM trainer Kit (Alolan Raichu)/4.ts"]	tk	tk-sm-r	pending	
Trainer kits	SM trainer Kit (Lycanroc)	pr/Trainer-kits-SM-trainer-Kit-Lycanroc	10	10	["data/Trainer kits/SM trainer Kit (Lycanroc)/1.ts", "data/Trainer kits/SM trainer Kit (Lycanroc)/11.ts", "data/Trainer kits/SM trainer Kit (Lycanroc)/12.ts", "data/Trainer kits/SM trainer Kit (Lycanroc)/13.ts", "data/Trainer kits/SM trainer Kit (Lycanroc)/14.ts", "data/Trainer kits/SM trainer Kit (Lycanroc)/15.ts", "data/Trainer kits/SM trainer Kit (Lycanroc)/18.ts", "data/Trainer kits/SM trainer Kit (Lycanroc)/22.ts", "data/Trainer kits/SM trainer Kit (Lycanroc)/29.ts", "data/Trainer kits/SM trainer Kit (Lycanroc)/4.ts"]	tk	tk-sm-l	pending	
Trainer kits	XY trainer Kit (Bisharp)	pr/Trainer-kits-XY-trainer-Kit-Bisharp	15	15	["data/Trainer kits/XY trainer Kit (Bisharp)/1.ts", "data/Trainer kits/XY trainer Kit (Bisharp)/11.ts", "data/Trainer kits/XY trainer Kit (Bisharp)/12.ts", "data/Trainer kits/XY trainer Kit (Bisharp)/13.ts", "data/Trainer kits/XY trainer Kit (Bisharp)/14.ts", "data/Trainer kits/XY trainer Kit (Bisharp)/15.ts", "data/Trainer kits/XY trainer Kit (Bisharp)/16.ts", "data/Trainer kits/XY trainer Kit (Bisharp)/17.ts", "data/Trainer kits/XY trainer Kit (Bisharp)/21.ts", "data/Trainer kits/XY trainer Kit (Bisharp)/23.ts", "data/Trainer kits/XY trainer Kit (Bisharp)/26.ts", "data/Trainer kits/XY trainer Kit (Bisharp)/27.ts", "data/Trainer kits/XY trainer Kit (Bisharp)/28.ts", "data/Trainer kits/XY trainer Kit (Bisharp)/30.ts", "data/Trainer kits/XY trainer Kit (Bisharp)/4.ts"]	tk	tk-xy-b	pending	
Trainer kits	XY trainer Kit (Latias)	pr/Trainer-kits-XY-trainer-Kit-Latias	11	11	["data/Trainer kits/XY trainer Kit (Latias)/11.ts", "data/Trainer kits/XY trainer Kit (Latias)/12.ts", "data/Trainer kits/XY trainer Kit (Latias)/13.ts", "data/Trainer kits/XY trainer Kit (Latias)/21.ts", "data/Trainer kits/XY trainer Kit (Latias)/23.ts", "data/Trainer kits/XY trainer Kit (Latias)/24.ts", "data/Trainer kits/XY trainer Kit (Latias)/25.ts", "data/Trainer kits/XY trainer Kit (Latias)/26.ts", "data/Trainer kits/XY trainer Kit (Latias)/27.ts", "data/Trainer kits/XY trainer Kit (Latias)/30.ts", "data/Trainer kits/XY trainer Kit (Latias)/4.ts"]	tk	tk-xy-latia	pending	
Trainer kits	XY trainer Kit (Latios)	pr/Trainer-kits-XY-trainer-Kit-Latios	14	14	["data/Trainer kits/XY trainer Kit (Latios)/1.ts", "data/Trainer kits/XY trainer Kit (Latios)/11.ts", "data/Trainer kits/XY trainer Kit (Latios)/12.ts", "data/Trainer kits/XY trainer Kit (Latios)/14.ts", "data/Trainer kits/XY trainer Kit (Latios)/15.ts", "data/Trainer kits/XY trainer Kit (Latios)/19.ts", "data/Trainer kits/XY trainer Kit (Latios)/22.ts", "data/Trainer kits/XY trainer Kit (Latios)/23.ts", "data/Trainer kits/XY trainer Kit (Latios)/24.ts", "data/Trainer kits/XY trainer Kit (Latios)/25.ts", "data/Trainer kits/XY trainer Kit (Latios)/26.ts", "data/Trainer kits/XY trainer Kit (Latios)/27.ts", "data/Trainer kits/XY trainer Kit (Latios)/28.ts", "data/Trainer kits/XY trainer Kit (Latios)/4.ts"]	tk	tk-xy-latio	pending	
Trainer kits	XY trainer Kit (Noivern)	pr/Trainer-kits-XY-trainer-Kit-Noivern	6	6	["data/Trainer kits/XY trainer Kit (Noivern)/1.ts", "data/Trainer kits/XY trainer Kit (Noivern)/11.ts", "data/Trainer kits/XY trainer Kit (Noivern)/16.ts", "data/Trainer kits/XY trainer Kit (Noivern)/20.ts", "data/Trainer kits/XY trainer Kit (Noivern)/23.ts", "data/Trainer kits/XY trainer Kit (Noivern)/4.ts"]	tk	tk-xy-n	pending	
Trainer kits	XY trainer Kit (Pikachu Libre)	pr/Trainer-kits-XY-trainer-Kit-Pikachu-Libre	10	10	["data/Trainer kits/XY trainer Kit (Pikachu Libre)/1.ts", "data/Trainer kits/XY trainer Kit (Pikachu Libre)/12.ts", "data/Trainer kits/XY trainer Kit (Pikachu Libre)/15.ts", "data/Trainer kits/XY trainer Kit (Pikachu Libre)/19.ts", "data/Trainer kits/XY trainer Kit (Pikachu Libre)/23.ts", "data/Trainer kits/XY trainer Kit (Pikachu Libre)/24.ts", "data/Trainer kits/XY trainer Kit (Pikachu Libre)/25.ts", "data/Trainer kits/XY trainer Kit (Pikachu Libre)/26.ts", "data/Trainer kits/XY trainer Kit (Pikachu Libre)/27.ts", "data/Trainer kits/XY trainer Kit (Pikachu Libre)/4.ts"]	tk	tk-xy-p	pending	
Trainer kits	XY trainer Kit (Suicune)	pr/Trainer-kits-XY-trainer-Kit-Suicune	11	11	["data/Trainer kits/XY trainer Kit (Suicune)/11.ts", "data/Trainer kits/XY trainer Kit (Suicune)/12.ts", "data/Trainer kits/XY trainer Kit (Suicune)/13.ts", "data/Trainer kits/XY trainer Kit (Suicune)/16.ts", "data/Trainer kits/XY trainer Kit (Suicune)/21.ts", "data/Trainer kits/XY trainer Kit (Suicune)/23.ts", "data/Trainer kits/XY trainer Kit (Suicune)/24.ts", "data/Trainer kits/XY trainer Kit (Suicune)/25.ts", "data/Trainer kits/XY trainer Kit (Suicune)/26.ts", "data/Trainer kits/XY trainer Kit (Suicune)/27.ts", "data/Trainer kits/XY trainer Kit (Suicune)/7.ts"]	tk	tk-xy-su	pending	
Trainer kits	XY trainer Kit (Sylveon)	pr/Trainer-kits-XY-trainer-Kit-Sylveon	10	10	["data/Trainer kits/XY trainer Kit (Sylveon)/1.ts", "data/Trainer kits/XY trainer Kit (Sylveon)/11.ts", "data/Trainer kits/XY trainer Kit (Sylveon)/13.ts", "data/Trainer kits/XY trainer Kit (Sylveon)/14.ts", "data/Trainer kits/XY trainer Kit (Sylveon)/16.ts", "data/Trainer kits/XY trainer Kit (Sylveon)/19.ts", "data/Trainer kits/XY trainer Kit (Sylveon)/21.ts", "data/Trainer kits/XY trainer Kit (Sylveon)/22.ts", "data/Trainer kits/XY trainer Kit (Sylveon)/27.ts", "data/Trainer kits/XY trainer Kit (Sylveon)/29.ts"]	tk	tk-xy-sy	pending	
Trainer kits	XY trainer Kit (Wigglytuff)	pr/Trainer-kits-XY-trainer-Kit-Wigglytuff	13	13	["data/Trainer kits/XY trainer Kit (Wigglytuff)/1.ts", "data/Trainer kits/XY trainer Kit (Wigglytuff)/11.ts", "data/Trainer kits/XY trainer Kit (Wigglytuff)/12.ts", "data/Trainer kits/XY trainer Kit (Wigglytuff)/13.ts", "data/Trainer kits/XY trainer Kit (Wigglytuff)/14.ts", "data/Trainer kits/XY trainer Kit (Wigglytuff)/16.ts", "data/Trainer kits/XY trainer Kit (Wigglytuff)/19.ts", "data/Trainer kits/XY trainer Kit (Wigglytuff)/23.ts", "data/Trainer kits/XY trainer Kit (Wigglytuff)/25.ts", "data/Trainer kits/XY trainer Kit (Wigglytuff)/28.ts", "data/Trainer kits/XY trainer Kit (Wigglytuff)/29.ts", "data/Trainer kits/XY trainer Kit (Wigglytuff)/30.ts", "data/Trainer kits/XY trainer Kit (Wigglytuff)/4.ts"]	tk	tk-xy-w	pending	
XY	Ancient Origins	pr/XY-Ancient-Origins	3	3	["data/XY/Ancient Origins/69.ts", "data/XY/Ancient Origins/82.ts", "data/XY/Ancient Origins/83.ts"]	xy	xy7	pending	
XY	BREAKpoint	pr/XY-BREAKpoint	4	4	["data/XY/BREAKpoint/108.ts", "data/XY/BREAKpoint/109.ts", "data/XY/BREAKpoint/110.ts", "data/XY/BREAKpoint/113.ts"]	xy	xy9	pending	
XY	BREAKthrough	pr/XY-BREAKthrough	4	4	["data/XY/BREAKthrough/138.ts", "data/XY/BREAKthrough/145.ts", "data/XY/BREAKthrough/151.ts", "data/XY/BREAKthrough/162.ts"]	xy	xy8	pending	
XY	Double Crisis	pr/XY-Double-Crisis	4	4	["data/XY/Double Crisis/23.ts", "data/XY/Double Crisis/24.ts", "data/XY/Double Crisis/33.ts", "data/XY/Double Crisis/34.ts"]	xy	dc1	pending	
XY	Fates Collide	pr/XY-Fates-Collide	2	2	["data/XY/Fates Collide/115.ts", "data/XY/Fates Collide/94.ts"]	xy	xy10	pending	
XY	Furious Fists	pr/XY-Furious-Fists	2	2	["data/XY/Furious Fists/103.ts", "data/XY/Furious Fists/104.ts"]	xy	xy3	pending	
XY	Generations	pr/XY-Generations	0	1	["data/XY/Generations.ts"]	xy	g1	pending	
XY	Primal Clash	pr/XY-Primal-Clash	8	8	["data/XY/Primal Clash/124.ts", "data/XY/Primal Clash/133.ts", "data/XY/Primal Clash/141.ts", "data/XY/Primal Clash/143.ts", "data/XY/Primal Clash/144.ts", "data/XY/Primal Clash/157.ts", "data/XY/Primal Clash/158.ts", "data/XY/Primal Clash/160.ts"]	xy	xy5	pending	
XY	Roaring Skies	pr/XY-Roaring-Skies	2	2	["data/XY/Roaring Skies/89.ts", "data/XY/Roaring Skies/97.ts"]	xy	xy6	pending	
XY	Steam Siege	pr/XY-Steam-Siege	1	1	["data/XY/Steam Siege/102.ts"]	xy	xy11	pending	
XY	XY Black Star Promos	pr/XY-XY-Black-Star-Promos	216	216	["data/XY/XY Black Star Promos/XY01.ts", "data/XY/XY Black Star Promos/XY02.ts", "data/XY/XY Black Star Promos/XY03.ts", "data/XY/XY Black Star Promos/XY04.ts", "data/XY/XY Black Star Promos/XY05.ts", "data/XY/XY Black Star Promos/XY06.ts", "data/XY/XY Black Star Promos/XY07.ts", "data/XY/XY Black Star Promos/XY08.ts", "data/XY/XY Black Star Promos/XY09.ts", "data/XY/XY Black Star Promos/XY10.ts", "data/XY/XY Black Star Promos/XY100.ts", "data/XY/XY Black Star Promos/XY101.ts", "data/XY/XY Black Star Promos/XY102.ts", "data/XY/XY Black Star Promos/XY103.ts", "data/XY/XY Black Star Promos/XY104.ts", "data/XY/XY Black Star Promos/XY105.ts", "data/XY/XY Black Star Promos/XY106.ts", "data/XY/XY Black Star Promos/XY107.ts", "data/XY/XY Black Star Promos/XY108.ts", "data/XY/XY Black Star Promos/XY109.ts", "data/XY/XY Black Star Promos/XY11.ts", "data/XY/XY Black Star Promos/XY110.ts", "data/XY/XY Black Star Promos/XY111.ts", "data/XY/XY Black Star Promos/XY112.ts", "data/XY/XY Black Star Promos/XY113.ts", "data/XY/XY Black Star Promos/XY114.ts", "data/XY/XY Black Star Promos/XY115.ts", "data/XY/XY Black Star Promos/XY116.ts", "data/XY/XY Black Star Promos/XY117.ts", "data/XY/XY Black Star Promos/XY118.ts", "data/XY/XY Black Star Promos/XY119.ts", "data/XY/XY Black Star Promos/XY12.ts", "data/XY/XY Black Star Promos/XY120.ts", "data/XY/XY Black Star Promos/XY121.ts", "data/XY/XY Black Star Promos/XY122.ts", "data/XY/XY Black Star Promos/XY123.ts", "data/XY/XY Black Star Promos/XY124.ts", "data/XY/XY Black Star Promos/XY125.ts", "data/XY/XY Black Star Promos/XY126.ts", "data/XY/XY Black Star Promos/XY127.ts", "data/XY/XY Black Star Promos/XY128.ts", "data/XY/XY Black Star Promos/XY129.ts", "data/XY/XY Black Star Promos/XY13.ts", "data/XY/XY Black Star Promos/XY130.ts", "data/XY/XY Black Star Promos/XY131.ts", "data/XY/XY Black Star Promos/XY132.ts", "data/XY/XY Black Star Promos/XY133.ts", "data/XY/XY Black Star Promos/XY134.ts", "data/XY/XY Black Star Promos/XY135.ts", "data/XY/XY Black Star Promos/XY136.ts", "data/XY/XY Black Star Promos/XY137.ts", "data/XY/XY Black Star Promos/XY138.ts", "data/XY/XY Black Star Promos/XY139.ts", "data/XY/XY Black Star Promos/XY14.ts", "data/XY/XY Black Star Promos/XY140.ts", "data/XY/XY Black Star Promos/XY141.ts", "data/XY/XY Black Star Promos/XY142.ts", "data/XY/XY Black Star Promos/XY143.ts", "data/XY/XY Black Star Promos/XY144.ts", "data/XY/XY Black Star Promos/XY145.ts", "data/XY/XY Black Star Promos/XY146.ts", "data/XY/XY Black Star Promos/XY147.ts", "data/XY/XY Black Star Promos/XY148.ts", "data/XY/XY Black Star Promos/XY149.ts", "data/XY/XY Black Star Promos/XY15.ts", "data/XY/XY Black Star Promos/XY150.ts", "data/XY/XY Black Star Promos/XY150a.ts", "data/XY/XY Black Star Promos/XY151.ts", "data/XY/XY Black Star Promos/XY152.ts", "data/XY/XY Black Star Promos/XY153.ts", "data/XY/XY Black Star Promos/XY154.ts", "data/XY/XY Black Star Promos/XY155.ts", "data/XY/XY Black Star Promos/XY156.ts", "data/XY/XY Black Star Promos/XY157.ts", "data/XY/XY Black Star Promos/XY158.ts", "data/XY/XY Black Star Promos/XY159.ts", "data/XY/XY Black Star Promos/XY16.ts", "data/XY/XY Black Star Promos/XY160.ts", "data/XY/XY Black Star Promos/XY161.ts", "data/XY/XY Black Star Promos/XY162.ts", "data/XY/XY Black Star Promos/XY163.ts", "data/XY/XY Black Star Promos/XY164.ts", "data/XY/XY Black Star Promos/XY165.ts", "data/XY/XY Black Star Promos/XY166.ts", "data/XY/XY Black Star Promos/XY167.ts", "data/XY/XY Black Star Promos/XY168.ts", "data/XY/XY Black Star Promos/XY169.ts", "data/XY/XY Black Star Promos/XY17.ts", "data/XY/XY Black Star Promos/XY170.ts", "data/XY/XY Black Star Promos/XY171.ts", "data/XY/XY Black Star Promos/XY172.ts", "data/XY/XY Black Star Promos/XY173.ts", "data/XY/XY Black Star Promos/XY174.ts", "data/XY/XY Black Star Promos/XY175.ts", "data/XY/XY Black Star Promos/XY176.ts", "data/XY/XY Black Star Promos/XY177.ts", "data/XY/XY Black Star Promos/XY177a.ts", "data/XY/XY Black Star Promos/XY178.ts", "data/XY/XY Black Star Promos/XY179.ts", "data/XY/XY Black Star Promos/XY18.ts", "data/XY/XY Black Star Promos/XY180.ts", "data/XY/XY Black Star Promos/XY181.ts", "data/XY/XY Black Star Promos/XY182.ts", "data/XY/XY Black Star Promos/XY183.ts", "data/XY/XY Black Star Promos/XY184.ts", "data/XY/XY Black Star Promos/XY185.ts", "data/XY/XY Black Star Promos/XY186.ts", "data/XY/XY Black Star Promos/XY187.ts", "data/XY/XY Black Star Promos/XY188.ts", "data/XY/XY Black Star Promos/XY189.ts", "data/XY/XY Black Star Promos/XY19.ts", "data/XY/XY Black Star Promos/XY190.ts", "data/XY/XY Black Star Promos/XY191.ts", "data/XY/XY Black Star Promos/XY192.ts", "data/XY/XY Black Star Promos/XY193.ts", "data/XY/XY Black Star Promos/XY194.ts", "data/XY/XY Black Star Promos/XY195.ts", "data/XY/XY Black Star Promos/XY196.ts", "data/XY/XY Black Star Promos/XY197.ts", "data/XY/XY Black Star Promos/XY198.ts", "data/XY/XY Black Star Promos/XY198a.ts", "data/XY/XY Black Star Promos/XY199.ts", "data/XY/XY Black Star Promos/XY20.ts", "data/XY/XY Black Star Promos/XY200.ts", "data/XY/XY Black Star Promos/XY200a.ts", "data/XY/XY Black Star Promos/XY201.ts", "data/XY/XY Black Star Promos/XY202.ts", "data/XY/XY Black Star Promos/XY203.ts", "data/XY/XY Black Star Promos/XY204.ts", "data/XY/XY Black Star Promos/XY205.ts", "data/XY/XY Black Star Promos/XY206.ts", "data/XY/XY Black Star Promos/XY207.ts", "data/XY/XY Black Star Promos/XY208.ts", "data/XY/XY Black Star Promos/XY209.ts", "data/XY/XY Black Star Promos/XY21.ts", "data/XY/XY Black Star Promos/XY210.ts", "data/XY/XY Black Star Promos/XY211.ts", "data/XY/XY Black Star Promos/XY22.ts", "data/XY/XY Black Star Promos/XY23.ts", "data/XY/XY Black Star Promos/XY24.ts", "data/XY/XY Black Star Promos/XY25.ts", "data/XY/XY Black Star Promos/XY26.ts", "data/XY/XY Black Star Promos/XY27.ts", "data/XY/XY Black Star Promos/XY28.ts", "data/XY/XY Black Star Promos/XY29.ts", "data/XY/XY Black Star Promos/XY30.ts", "data/XY/XY Black Star Promos/XY31.ts", "data/XY/XY Black Star Promos/XY32.ts", "data/XY/XY Black Star Promos/XY33.ts", "data/XY/XY Black Star Promos/XY34.ts", "data/XY/XY Black Star Promos/XY35.ts", "data/XY/XY Black Star Promos/XY36.ts", "data/XY/XY Black Star Promos/XY37.ts", "data/XY/XY Black Star Promos/XY38.ts", "data/XY/XY Black Star Promos/XY39.ts", "data/XY/XY Black Star Promos/XY40.ts", "data/XY/XY Black Star Promos/XY41.ts", "data/XY/XY Black Star Promos/XY42.ts", "data/XY/XY Black Star Promos/XY43.ts", "data/XY/XY Black Star Promos/XY44.ts", "data/XY/XY Black Star Promos/XY45.ts", "data/XY/XY Black Star Promos/XY46.ts", "data/XY/XY Black Star Promos/XY47.ts", "data/XY/XY Black Star Promos/XY48.ts", "data/XY/XY Black Star Promos/XY49.ts", "data/XY/XY Black Star Promos/XY50.ts", "data/XY/XY Black Star Promos/XY51.ts", "data/XY/XY Black Star Promos/XY52.ts", "data/XY/XY Black Star Promos/XY53.ts", "data/XY/XY Black Star Promos/XY54.ts", "data/XY/XY Black Star Promos/XY55.ts", "data/XY/XY Black Star Promos/XY56.ts", "data/XY/XY Black Star Promos/XY57.ts", "data/XY/XY Black Star Promos/XY58.ts", "data/XY/XY Black Star Promos/XY59.ts", "data/XY/XY Black Star Promos/XY60.ts", "data/XY/XY Black Star Promos/XY61.ts", "data/XY/XY Black Star Promos/XY62.ts", "data/XY/XY Black Star Promos/XY63.ts", "data/XY/XY Black Star Promos/XY64.ts", "data/XY/XY Black Star Promos/XY65.ts", "data/XY/XY Black Star Promos/XY66.ts", "data/XY/XY Black Star Promos/XY67.ts", "data/XY/XY Black Star Promos/XY67a.ts", "data/XY/XY Black Star Promos/XY68.ts", "data/XY/XY Black Star Promos/XY69.ts", "data/XY/XY Black Star Promos/XY70.ts", "data/XY/XY Black Star Promos/XY71.ts", "data/XY/XY Black Star Promos/XY72.ts", "data/XY/XY Black Star Promos/XY73.ts", "data/XY/XY Black Star Promos/XY74.ts", "data/XY/XY Black Star Promos/XY75.ts", "data/XY/XY Black Star Promos/XY76.ts", "data/XY/XY Black Star Promos/XY77.ts", "data/XY/XY Black Star Promos/XY78.ts", "data/XY/XY Black Star Promos/XY79.ts", "data/XY/XY Black Star Promos/XY80.ts", "data/XY/XY Black Star Promos/XY81.ts", "data/XY/XY Black Star Promos/XY82.ts", "data/XY/XY Black Star Promos/XY83.ts", "data/XY/XY Black Star Promos/XY84.ts", "data/XY/XY Black Star Promos/XY85.ts", "data/XY/XY Black Star Promos/XY86.ts", "data/XY/XY Black Star Promos/XY87.ts", "data/XY/XY Black Star Promos/XY88.ts", "data/XY/XY Black Star Promos/XY89.ts", "data/XY/XY Black Star Promos/XY90.ts", "data/XY/XY Black Star Promos/XY91.ts", "data/XY/XY Black Star Promos/XY92.ts", "data/XY/XY Black Star Promos/XY93.ts", "data/XY/XY Black Star Promos/XY94.ts", "data/XY/XY Black Star Promos/XY95.ts", "data/XY/XY Black Star Promos/XY96.ts", "data/XY/XY Black Star Promos/XY97.ts", "data/XY/XY Black Star Promos/XY98.ts", "data/XY/XY Black Star Promos/XY99.ts"]	xy	xyp	pending	
